-- Initialize base data
INSERT IGNORE INTO operator (id, operator_name, operator_short_code, operator_uic_code)
VALUES  (1, 'VR-Yhtymä Oyj', 'vr', 10);

INSERT IGNORE INTO train_category (id, name)
VALUES  (1, 'Long-distance'),
        (2, 'Commuter'),
        (3, 'Cargo'),
        (4, 'Locomotive'),
        (5, 'Test drive'),
        (6, 'On-track machines'),
        (21, 'Shunting');

INSERT IGNORE INTO train_type (id, name, train_category_id)
VALUES  (1, 'IC', 1),
        (2, 'P', 1),
        (3, 'S', 1),
        (4, 'H', 1),
        (5, 'HL', 2),
        (6, 'HSM', 1),
        (7, 'T', 3),
        (21, 'IC2', 1),
        (41, 'HDM', 1),
        (42, 'HLV', 2);

-- Trains
INSERT IGNORE INTO train (departure_date, train_number, version, cancelled, commuter_lineid, operator_short_code, operator_uic_code, running_currently, train_type_id, train_category_id, timetable_acceptance_date, timetable_type, deleted) VALUES ('2024-11-13', 265, 386506930715, false, null, 'vr', 10, false, 45, 1, '2023-11-02 05:57:22', 0, null);
INSERT IGNORE INTO train (departure_date, train_number, version, cancelled, commuter_lineid, operator_short_code, operator_uic_code, running_currently, train_type_id, train_category_id, timetable_acceptance_date, timetable_type, deleted) VALUES ('2024-11-13', 9715, 386506929491, false, 'R', 'vr', 10, false, 5, 2, '2024-09-19 06:16:45', 0, null);

-- Stations
INSERT IGNORE INTO station (id, passenger_traffic, country_code, latitude, longitude, name, short_code, uic_code, type) VALUES (437039, true, 'FI', 63.36140300000000, 29.75243000000000, 'Kylänlahti', 'KYN', 937, 1);
INSERT IGNORE INTO station (id, passenger_traffic, country_code, latitude, longitude, name, short_code, uic_code, type) VALUES (437040, false, 'FI', 61.53641600000000, 29.52008800000000, 'Kirjola', 'KIJ', 1123, 2);
INSERT IGNORE INTO station (id, passenger_traffic, country_code, latitude, longitude, name, short_code, uic_code, type) VALUES (437041, false, 'FI', 62.45236500000000, 27.17544900000000, 'Haapakoski', 'HPS', 402, 0);
INSERT IGNORE INTO station (id, passenger_traffic, country_code, latitude, longitude, name, short_code, uic_code, type) VALUES (437042, false, 'FI', 62.32452800000000, 27.17532100000000, 'Pieksämäki lajittelu', 'PMLA', 1210, 0);
INSERT IGNORE INTO station (id, passenger_traffic, country_code, latitude, longitude, name, short_code, uic_code, type) VALUES (437043, false, 'FI', 61.13369100000000, 23.99490300000000, 'Kuurila', 'KU', 626, 0);
INSERT IGNORE INTO station (id, passenger_traffic, country_code, latitude, longitude, name, short_code, uic_code, type) VALUES (437044, false, 'FI', 63.46586400000000, 22.66527000000000, 'Riijärvi', 'RJR', 1327, 0);
INSERT IGNORE INTO station (id, passenger_traffic, country_code, latitude, longitude, name, short_code, uic_code, type) VALUES (437045, false, 'FI', 66.72490200000000, 27.51997400000000, 'Patokangas', 'PTG', 1346, 0);
INSERT IGNORE INTO station (id, passenger_traffic, country_code, latitude, longitude, name, short_code, uic_code, type) VALUES (437046, true, 'FI', 60.26132700000000, 24.85475100000000, 'Myyrmäki', 'MYR', 660, 0);
INSERT IGNORE INTO station (id, passenger_traffic, country_code, latitude, longitude, name, short_code, uic_code, type) VALUES (437047, true, 'FI', 60.27808000000000, 24.85260400000000, 'Martinlaakso', 'MRL', 662, 1);
INSERT IGNORE INTO station (id, passenger_traffic, country_code, latitude, longitude, name, short_code, uic_code, type) VALUES (437048, false, 'FI', 61.68294600000000, 23.46945700000000, 'Majajärvi', 'MJJ', 1168, 0);
INSERT IGNORE INTO station (id, passenger_traffic, country_code, latitude, longitude, name, short_code, uic_code, type) VALUES (437049, true, 'FI', 60.20714400000000, 24.70127300000000, 'Koivuhovi', 'KVH', 675, 1);
INSERT IGNORE INTO station (id, passenger_traffic, country_code, latitude, longitude, name, short_code, uic_code, type) VALUES (437050, true, 'FI', 63.60205200000000, 26.88648700000000, 'Runni', 'RNN', 886, 1);
INSERT IGNORE INTO station (id, passenger_traffic, country_code, latitude, longitude, name, short_code, uic_code, type) VALUES (437051, false, 'FI', 64.12065800000001, 28.07202600000000, 'Lahnaslampi', 'LHN', 871, 0);
INSERT IGNORE INTO station (id, passenger_traffic, country_code, latitude, longitude, name, short_code, uic_code, type) VALUES (437052, false, 'FI', 64.28115200000001, 27.90919100000000, 'Kalliovarasto', 'KAO', 1090, 2);
INSERT IGNORE INTO station (id, passenger_traffic, country_code, latitude, longitude, name, short_code, uic_code, type) VALUES (437053, false, 'FI', 62.24758700000000, 25.87932400000000, 'Vaajakoski', 'VKO', 245, 0);
INSERT IGNORE INTO station (id, passenger_traffic, country_code, latitude, longitude, name, short_code, uic_code, type) VALUES (437055, true, 'FI', 62.05196700000000, 23.07843900000000, 'Parkano', 'PKO', 215, 0);
INSERT IGNORE INTO station (id, passenger_traffic, country_code, latitude, longitude, name, short_code, uic_code, type) VALUES (437056, false, 'FI', 62.54004000000000, 27.19046500000000, 'Markkala', 'MRK', 896, 0);
INSERT IGNORE INTO station (id, passenger_traffic, country_code, latitude, longitude, name, short_code, uic_code, type) VALUES (437057, true, 'FI', 61.47721200000000, 21.78660700000000, 'Pori', 'PRI', 220, 0);
INSERT IGNORE INTO station (id, passenger_traffic, country_code, latitude, longitude, name, short_code, uic_code, type) VALUES (437058, false, 'FI', 65.82805300000000, 24.15486700000000, 'Tornio-raja', 'TRR', 678, 0);
INSERT IGNORE INTO station (id, passenger_traffic, country_code, latitude, longitude, name, short_code, uic_code, type) VALUES (437059, false, 'FI', 62.55070600000000, 24.14605300000000, 'Inha', 'IN', 264, 2);
INSERT IGNORE INTO station (id, passenger_traffic, country_code, latitude, longitude, name, short_code, uic_code, type) VALUES (437060, false, 'FI', 62.95337100000000, 27.68315000000000, 'Sorsasalo', 'SOR', 870, 2);
INSERT IGNORE INTO station (id, passenger_traffic, country_code, latitude, longitude, name, short_code, uic_code, type) VALUES (437061, false, 'FI', 63.20082300000000, 27.53542600000000, 'Alapitkä', 'APT', 415, 0);
INSERT IGNORE INTO station (id, passenger_traffic, country_code, latitude, longitude, name, short_code, uic_code, type) VALUES (437062, true, 'FI', 59.87500800000000, 23.12105200000000, 'Santala', 'STA', 827, 1);
INSERT IGNORE INTO station (id, passenger_traffic, country_code, latitude, longitude, name, short_code, uic_code, type) VALUES (437063, false, 'FI', 66.46690700000001, 23.71276700000000, 'Kaulinranta', 'KLR', 790, 0);
INSERT IGNORE INTO station (id, passenger_traffic, country_code, latitude, longitude, name, short_code, uic_code, type) VALUES (437064, true, 'FI', 60.39660200000000, 25.64846200000000, 'Porvoo', 'PRV', 23, 0);
INSERT IGNORE INTO station (id, passenger_traffic, country_code, latitude, longitude, name, short_code, uic_code, type) VALUES (437065, false, 'FI', 64.91269400000000, 25.75406200000000, 'Pikkarala', 'PKL', 819, 0);
INSERT IGNORE INTO station (id, passenger_traffic, country_code, latitude, longitude, name, short_code, uic_code, type) VALUES (437066, false, 'FI', 64.68375700000000, 28.46270800000000, 'Hyrynsalmi', 'HYS', 392, 0);
INSERT IGNORE INTO station (id, passenger_traffic, country_code, latitude, longitude, name, short_code, uic_code, type) VALUES (437067, false, 'FI', 60.46992900000000, 22.04003700000000, 'Naantali', 'NNL', 124, 0);
INSERT IGNORE INTO station (id, passenger_traffic, country_code, latitude, longitude, name, short_code, uic_code, type) VALUES (437068, true, 'FI', 60.38477700000000, 23.12144800000000, 'Salo', 'SLO', 55, 0);
INSERT IGNORE INTO station (id, passenger_traffic, country_code, latitude, longitude, name, short_code, uic_code, type) VALUES (437069, true, 'FI', 60.15866100000000, 24.53910600000000, 'Masala', 'MAS', 64, 1);
INSERT IGNORE INTO station (id, passenger_traffic, country_code, latitude, longitude, name, short_code, uic_code, type) VALUES (437070, false, 'FI', 61.17043200000000, 28.78804500000000, 'Imatrankoski', 'IMK', 504, 0);
INSERT IGNORE INTO station (id, passenger_traffic, country_code, latitude, longitude, name, short_code, uic_code, type) VALUES (437071, true, 'FI', 63.75451500000000, 25.33434000000000, 'Haapajärvi', 'HPJ', 330, 0);
INSERT IGNORE INTO station (id, passenger_traffic, country_code, latitude, longitude, name, short_code, uic_code, type) VALUES (437072, false, 'FI', 62.24348400000000, 30.35614800000000, 'Tohmajärvi', 'TOH', 448, 0);
INSERT IGNORE INTO station (id, passenger_traffic, country_code, latitude, longitude, name, short_code, uic_code, type) VALUES (437073, false, 'FI', 60.92730900000000, 27.97271600000000, 'Pulsa', 'PL', 1217, 0);
INSERT IGNORE INTO station (id, passenger_traffic, country_code, latitude, longitude, name, short_code, uic_code, type) VALUES (437074, true, 'FI', 64.48451000000000, 24.99362400000000, 'Vihanti', 'VTI', 334, 0);
INSERT IGNORE INTO station (id, passenger_traffic, country_code, latitude, longitude, name, short_code, uic_code, type) VALUES (437075, false, 'FI', 60.87224900000000, 26.80988100000000, 'Kullasvaara', 'KUV', 1320, 0);
INSERT IGNORE INTO station (id, passenger_traffic, country_code, latitude, longitude, name, short_code, uic_code, type) VALUES (437076, false, 'FI', 62.77188600000000, 27.51762100000000, 'Kurkimäki', 'KRM', 406, 0);
INSERT IGNORE INTO station (id, passenger_traffic, country_code, latitude, longitude, name, short_code, uic_code, type) VALUES (437077, false, 'FI', 63.70676500000000, 22.69526500000000, 'Alholma', 'ALH', 308, 0);
INSERT IGNORE INTO station (id, passenger_traffic, country_code, latitude, longitude, name, short_code, uic_code, type) VALUES (437078, true, 'FI', 60.25166000000000, 25.01146800000000, 'Malmi', 'ML', 17, 0);
INSERT IGNORE INTO station (id, passenger_traffic, country_code, latitude, longitude, name, short_code, uic_code, type) VALUES (437080, false, 'FI', 63.49498900000000, 27.26660400000000, 'Ohenmäki', 'OHM', 1190, 2);
INSERT IGNORE INTO station (id, passenger_traffic, country_code, latitude, longitude, name, short_code, uic_code, type) VALUES (437081, false, 'FI', 61.70059000000000, 24.54892500000000, 'Torkkeli', 'TRK', 1283, 0);
INSERT IGNORE INTO station (id, passenger_traffic, country_code, latitude, longitude, name, short_code, uic_code, type) VALUES (437082, true, 'FI', 60.46438800000000, 26.92861100000000, 'Kotka asema', 'KTA', 532, 0);
INSERT IGNORE INTO station (id, passenger_traffic, country_code, latitude, longitude, name, short_code, uic_code, type) VALUES (437083, true, 'FI', 63.89842500000000, 23.91536100000000, 'Kannus', 'KNS', 317, 0);
INSERT IGNORE INTO station (id, passenger_traffic, country_code, latitude, longitude, name, short_code, uic_code, type) VALUES (437084, false, 'FI', 61.09994400000000, 24.11093800000000, 'Vinnilä', 'VIN', 1305, 0);
INSERT IGNORE INTO station (id, passenger_traffic, country_code, latitude, longitude, name, short_code, uic_code, type) VALUES (437086, false, 'FI', 60.91076800000000, 27.34631100000000, 'Kaitjärvi', 'KJR', 944, 0);
INSERT IGNORE INTO station (id, passenger_traffic, country_code, latitude, longitude, name, short_code, uic_code, type) VALUES (437087, true, 'FI', 60.21835000000000, 24.89352300000000, 'Huopalahti', 'HPL', 72, 0);
INSERT IGNORE INTO station (id, passenger_traffic, country_code, latitude, longitude, name, short_code, uic_code, type) VALUES (437088, false, 'FI', 62.72439600000000, 27.42950000000000, 'Airaksela', 'ARL', 869, 0);
INSERT IGNORE INTO station (id, passenger_traffic, country_code, latitude, longitude, name, short_code, uic_code, type) VALUES (437089, true, 'FI', 60.23015600000000, 24.88331900000000, 'Pohjois-Haaga', 'POH', 657, 1);
INSERT IGNORE INTO station (id, passenger_traffic, country_code, latitude, longitude, name, short_code, uic_code, type) VALUES (437091, false, 'FI', 64.54016300000001, 29.94809000000000, 'Vartius', 'VUS', 941, 0);
INSERT IGNORE INTO station (id, passenger_traffic, country_code, latitude, longitude, name, short_code, uic_code, type) VALUES (437092, false, 'FI', 60.60416200000000, 26.93812700000000, 'Juurikorpi', 'JRI', 535, 0);
INSERT IGNORE INTO station (id, passenger_traffic, country_code, latitude, longitude, name, short_code, uic_code, type) VALUES (437093, true, 'FI', 60.89694400000000, 25.47562400000000, 'Herrala', 'HR', 96, 1);
INSERT IGNORE INTO station (id, passenger_traffic, country_code, latitude, longitude, name, short_code, uic_code, type) VALUES (437094, false, 'FI', 60.81449300000000, 25.74873800000000, 'Orimattila', 'OM', 109, 2);
INSERT IGNORE INTO station (id, passenger_traffic, country_code, latitude, longitude, name, short_code, uic_code, type) VALUES (437097, false, 'FI', 60.78541100000000, 25.01499200000000, 'Hausjärvi tavara', 'HAS', 340, 0);
INSERT IGNORE INTO station (id, passenger_traffic, country_code, latitude, longitude, name, short_code, uic_code, type) VALUES (437098, true, 'FI', 61.09061600000000, 24.14078900000000, 'Iittala', 'ITA', 154, 1);
INSERT IGNORE INTO station (id, passenger_traffic, country_code, latitude, longitude, name, short_code, uic_code, type) VALUES (437099, true, 'FI', 63.15263600000000, 29.99331000000000, 'Vuonislahti', 'VSL', 467, 0);
INSERT IGNORE INTO station (id, passenger_traffic, country_code, latitude, longitude, name, short_code, uic_code, type) VALUES (437100, true, 'FI', 61.86890000000000, 28.88826600000000, 'Savonlinna asema', 'SL', 521, 0);
INSERT IGNORE INTO station (id, passenger_traffic, country_code, latitude, longitude, name, short_code, uic_code, type) VALUES (437102, false, 'FI', 62.17444900000000, 23.03641300000000, 'Kuivasjärvi', 'KIS', 1137, 0);
INSERT IGNORE INTO station (id, passenger_traffic, country_code, latitude, longitude, name, short_code, uic_code, type) VALUES (437103, true, 'FI', 60.21193900000000, 24.73088400000000, 'Kauniainen', 'KNI', 67, 0);
INSERT IGNORE INTO station (id, passenger_traffic, country_code, latitude, longitude, name, short_code, uic_code, type) VALUES (437104, true, 'FI', 62.55326500000000, 24.06403600000000, 'Ähtäri', 'ÄHT', 265, 0);
INSERT IGNORE INTO station (id, passenger_traffic, country_code, latitude, longitude, name, short_code, uic_code, type) VALUES (437106, true, 'FI', 62.24145500000000, 25.75498400000000, 'Jyväskylä', 'JY', 240, 0);
INSERT IGNORE INTO station (id, passenger_traffic, country_code, latitude, longitude, name, short_code, uic_code, type) VALUES (437107, true, 'FI', 63.09964300000000, 23.03530000000000, 'Kauhava', 'KHA', 299, 0);
INSERT IGNORE INTO station (id, passenger_traffic, country_code, latitude, longitude, name, short_code, uic_code, type) VALUES (437108, false, 'FI', 63.67755500000000, 26.03016900000000, 'Pyhäkumpu erkanemisvaihde', 'PYE', 1218, 0);
INSERT IGNORE INTO station (id, passenger_traffic, country_code, latitude, longitude, name, short_code, uic_code, type) VALUES (437109, false, 'FI', 60.45945300000000, 22.68587900000000, 'Paimio', 'PO', 128, 0);
INSERT IGNORE INTO station (id, passenger_traffic, country_code, latitude, longitude, name, short_code, uic_code, type) VALUES (437110, true, 'FI', 60.91950700000000, 23.36253600000000, 'Humppila', 'HP', 144, 0);
INSERT IGNORE INTO station (id, passenger_traffic, country_code, latitude, longitude, name, short_code, uic_code, type) VALUES (437111, true, 'FI', 63.31819500000000, 30.01639400000000, 'Lieksa', 'LIS', 468, 0);
INSERT IGNORE INTO station (id, passenger_traffic, country_code, latitude, longitude, name, short_code, uic_code, type) VALUES (437112, false, 'FI', 64.68336400000000, 24.49063200000000, 'Raahe', 'RHE', 335, 0);
INSERT IGNORE INTO station (id, passenger_traffic, country_code, latitude, longitude, name, short_code, uic_code, type) VALUES (437113, false, 'FI', 60.86857000000000, 26.75044700000000, 'Kouvola tavara', 'KVT', 1134, 0);
INSERT IGNORE INTO station (id, passenger_traffic, country_code, latitude, longitude, name, short_code, uic_code, type) VALUES (437115, true, 'FI', 61.19308800000000, 26.78916300000000, 'Hillosensalmi', 'HLS', 988, 0);
INSERT IGNORE INTO station (id, passenger_traffic, country_code, latitude, longitude, name, short_code, uic_code, type) VALUES (437116, false, 'FI', 60.94440700000000, 27.76180100000000, 'Luumäki', 'LÄ', 487, 0);
INSERT IGNORE INTO station (id, passenger_traffic, country_code, latitude, longitude, name, short_code, uic_code, type) VALUES (437117, true, 'FI', 61.86562700000000, 25.17329400000000, 'Jämsä', 'JÄS', 204, 0);
INSERT IGNORE INTO station (id, passenger_traffic, country_code, latitude, longitude, name, short_code, uic_code, type) VALUES (437118, true, 'FI', 60.79913200000000, 25.49438900000000, 'Henna', 'HNN', 1164, 0);
INSERT IGNORE INTO station (id, passenger_traffic, country_code, latitude, longitude, name, short_code, uic_code, type) VALUES (437119, false, 'FI', 63.42154900000000, 29.61174000000000, 'Viekki', 'VK', 471, 2);
INSERT IGNORE INTO station (id, passenger_traffic, country_code, latitude, longitude, name, short_code, uic_code, type) VALUES (437120, false, 'FI', 61.98911200000000, 23.13795400000000, 'Poikkeus', 'PKK', 1216, 0);
INSERT IGNORE INTO station (id, passenger_traffic, country_code, latitude, longitude, name, short_code, uic_code, type) VALUES (437121, false, 'FI', 61.48726100000000, 26.92389500000000, 'Mynttilä', 'MYT', 543, 0);
INSERT IGNORE INTO station (id, passenger_traffic, country_code, latitude, longitude, name, short_code, uic_code, type) VALUES (437122, false, 'FI', 62.71689800000000, 29.06079700000000, 'Sysmäjärvi', 'SMJ', 912, 0);
INSERT IGNORE INTO station (id, passenger_traffic, country_code, latitude, longitude, name, short_code, uic_code, type) VALUES (437123, true, 'FI', 60.77101300000000, 26.78669000000000, 'Myllykoski', 'MKI', 536, 1);
INSERT IGNORE INTO station (id, passenger_traffic, country_code, latitude, longitude, name, short_code, uic_code, type) VALUES (437124, true, 'FI', 62.30280700000000, 26.47811600000000, 'Hankasalmi', 'HKS', 427, 0);
INSERT IGNORE INTO station (id, passenger_traffic, country_code, latitude, longitude, name, short_code, uic_code, type) VALUES (437125, false, 'FI', 64.46885600000000, 27.47146400000000, 'Kivesjärvi', 'KVJ', 378, 0);
INSERT IGNORE INTO station (id, passenger_traffic, country_code, latitude, longitude, name, short_code, uic_code, type) VALUES (437126, true, 'FI', 65.01240900000001, 25.48612100000000, 'Oulu asema', 'OL', 370, 0);
INSERT IGNORE INTO station (id, passenger_traffic, country_code, latitude, longitude, name, short_code, uic_code, type) VALUES (437127, false, 'FI', 63.66204600000000, 26.04233600000000, 'Pyhäkumpu', 'PYK', 757, 0);
INSERT IGNORE INTO station (id, passenger_traffic, country_code, latitude, longitude, name, short_code, uic_code, type) VALUES (437128, false, 'FI', 62.68018200000000, 22.93591500000000, 'Larvakytö', 'LYÖ', 1153, 0);
INSERT IGNORE INTO station (id, passenger_traffic, country_code, latitude, longitude, name, short_code, uic_code, type) VALUES (437129, true, 'FI', 60.53922900000000, 26.90714000000000, 'Kymi', 'KY', 534, 0);
INSERT IGNORE INTO station (id, passenger_traffic, country_code, latitude, longitude, name, short_code, uic_code, type) VALUES (437130, true, 'FI', 60.29216600000000, 25.04405500000000, 'Tikkurila asema', 'TKL', 18, 0);
INSERT IGNORE INTO station (id, passenger_traffic, country_code, latitude, longitude, name, short_code, uic_code, type) VALUES (437131, false, 'FI', 61.01735400000000, 28.08938000000000, 'Tapavainola', 'TAP', 1276, 0);
INSERT IGNORE INTO station (id, passenger_traffic, country_code, latitude, longitude, name, short_code, uic_code, type) VALUES (437132, false, 'FI', 61.17937900000000, 21.70993700000000, 'Vuojoki', 'VJO', 1310, 0);
INSERT IGNORE INTO station (id, passenger_traffic, country_code, latitude, longitude, name, short_code, uic_code, type) VALUES (437134, false, 'FI', 61.47445000000000, 23.33911000000000, 'Siuro', 'SIU', 179, 0);
INSERT IGNORE INTO station (id, passenger_traffic, country_code, latitude, longitude, name, short_code, uic_code, type) VALUES (437135, false, 'RU', 62.11698000000000, 32.17680800000000, 'Petroskoi / Petrozavodsk', 'PRK', 1000, 0);
INSERT IGNORE INTO station (id, passenger_traffic, country_code, latitude, longitude, name, short_code, uic_code, type) VALUES (437136, true, 'FI', 61.80054800000000, 29.32226900000000, 'Lusto', 'LUS', 690, 1);
INSERT IGNORE INTO station (id, passenger_traffic, country_code, latitude, longitude, name, short_code, uic_code, type) VALUES (437137, true, 'FI', 62.64168700000000, 29.23716600000000, 'Viinijärvi', 'VNJ', 440, 0);
INSERT IGNORE INTO station (id, passenger_traffic, country_code, latitude, longitude, name, short_code, uic_code, type) VALUES (437138, true, 'FI', 60.24221600000000, 24.99328800000000, 'Pukinmäki', 'PMK', 551, 1);
INSERT IGNORE INTO station (id, passenger_traffic, country_code, latitude, longitude, name, short_code, uic_code, type) VALUES (437139, false, 'FI', 62.28314300000000, 27.04555700000000, 'Naarajärvi', 'NRI', 895, 0);
INSERT IGNORE INTO station (id, passenger_traffic, country_code, latitude, longitude, name, short_code, uic_code, type) VALUES (437140, true, 'FI', 60.88534700000000, 26.32936600000000, 'Kausala', 'KA', 477, 1);
INSERT IGNORE INTO station (id, passenger_traffic, country_code, latitude, longitude, name, short_code, uic_code, type) VALUES (437141, false, 'FI', 62.42280700000000, 25.92435900000000, 'Laukaa', 'LAU', 249, 0);
INSERT IGNORE INTO station (id, passenger_traffic, country_code, latitude, longitude, name, short_code, uic_code, type) VALUES (437142, false, 'FI', 60.86715000000000, 26.76469100000000, 'Kouvola Oikoraide', 'OIK', 1133, 0);
INSERT IGNORE INTO station (id, passenger_traffic, country_code, latitude, longitude, name, short_code, uic_code, type) VALUES (437143, false, 'FI', 61.83812500000000, 23.31097600000000, 'Sisättö', 'STÖ', 1257, 0);
INSERT IGNORE INTO station (id, passenger_traffic, country_code, latitude, longitude, name, short_code, uic_code, type) VALUES (437144, true, 'FI', 67.34870600000001, 23.83625400000000, 'Kolari', 'KLI', 358, 0);
INSERT IGNORE INTO station (id, passenger_traffic, country_code, latitude, longitude, name, short_code, uic_code, type) VALUES (437145, false, 'FI', 60.48302200000000, 26.91925400000000, 'Kotka Hovinsaari', 'HOS', 980, 0);
INSERT IGNORE INTO station (id, passenger_traffic, country_code, latitude, longitude, name, short_code, uic_code, type) VALUES (437146, false, 'FI', 60.17582400000000, 23.96345600000000, 'Kirkniemi', 'KRN', 79, 0);
INSERT IGNORE INTO station (id, passenger_traffic, country_code, latitude, longitude, name, short_code, uic_code, type) VALUES (437147, true, 'RU', 55.77711100000000, 37.65527800000000, 'Moskova_(Leningradski)', 'MVA', 6007, 0);
INSERT IGNORE INTO station (id, passenger_traffic, country_code, latitude, longitude, name, short_code, uic_code, type) VALUES (437148, true, 'FI', 60.22017000000000, 24.94603400000000, 'Käpylä', 'KÄP', 977, 0);
INSERT IGNORE INTO station (id, passenger_traffic, country_code, latitude, longitude, name, short_code, uic_code, type) VALUES (437149, false, 'FI', 62.33585500000000, 27.18241400000000, 'Pieksämäki tavara', 'PMT', 1211, 0);
INSERT IGNORE INTO station (id, passenger_traffic, country_code, latitude, longitude, name, short_code, uic_code, type) VALUES (437150, true, 'FI', 64.80539800000000, 25.99199700000000, 'Muhos', 'MH', 375, 0);
INSERT IGNORE INTO station (id, passenger_traffic, country_code, latitude, longitude, name, short_code, uic_code, type) VALUES (437152, false, 'FI', 63.06318200000000, 28.31807400000000, 'Juankoski', 'JKI', 414, 0);
INSERT IGNORE INTO station (id, passenger_traffic, country_code, latitude, longitude, name, short_code, uic_code, type) VALUES (437153, true, 'FI', 61.55855000000000, 29.50288400000000, 'Parikkala', 'PAR', 510, 0);
INSERT IGNORE INTO station (id, passenger_traffic, country_code, latitude, longitude, name, short_code, uic_code, type) VALUES (437154, false, 'FI', 62.26935500000000, 25.55715100000000, 'Vesanka', 'VN', 239, 0);
INSERT IGNORE INTO station (id, passenger_traffic, country_code, latitude, longitude, name, short_code, uic_code, type) VALUES (437155, false, 'FI', 64.23206200000000, 27.70254100000000, 'Lamminniemi', 'LAM', 845, 0);
INSERT IGNORE INTO station (id, passenger_traffic, country_code, latitude, longitude, name, short_code, uic_code, type) VALUES (437156, true, 'FI', 61.04992200000000, 24.36649700000000, 'Parola', 'PRL', 49, 0);
INSERT IGNORE INTO station (id, passenger_traffic, country_code, latitude, longitude, name, short_code, uic_code, type) VALUES (437157, false, 'FI', 60.86817000000000, 28.28566200000000, 'Vainikkala tavara', 'VNAT', 1292, 0);
INSERT IGNORE INTO station (id, passenger_traffic, country_code, latitude, longitude, name, short_code, uic_code, type) VALUES (437158, false, 'FI', 62.17479000000000, 27.80868400000000, 'Joroinen', 'JOR', 431, 2);
INSERT IGNORE INTO station (id, passenger_traffic, country_code, latitude, longitude, name, short_code, uic_code, type) VALUES (437159, false, 'FI', 60.47880300000000, 26.91935600000000, 'Kotka tavara', 'KTT', 1130, 0);
INSERT IGNORE INTO station (id, passenger_traffic, country_code, latitude, longitude, name, short_code, uic_code, type) VALUES (437160, true, 'FI', 61.04797300000000, 28.19530400000000, 'Lappeenranta', 'LR', 495, 0);
INSERT IGNORE INTO station (id, passenger_traffic, country_code, latitude, longitude, name, short_code, uic_code, type) VALUES (437161, true, 'FI', 60.82117700000000, 25.07514100000000, 'Mommila', 'MLA', 93, 1);
INSERT IGNORE INTO station (id, passenger_traffic, country_code, latitude, longitude, name, short_code, uic_code, type) VALUES (437162, false, 'FI', 60.21208600000000, 24.93441100000000, 'Pasila tavara', 'PSLT', 1034, 0);
INSERT IGNORE INTO station (id, passenger_traffic, country_code, latitude, longitude, name, short_code, uic_code, type) VALUES (437163, false, 'FI', 60.90013700000000, 27.11772100000000, 'Kaipiainen', 'KPA', 485, 0);
INSERT IGNORE INTO station (id, passenger_traffic, country_code, latitude, longitude, name, short_code, uic_code, type) VALUES (437164, false, 'FI', 62.28915800000000, 27.40773000000000, 'Siikamäki', 'SKÄ', 429, 0);
INSERT IGNORE INTO station (id, passenger_traffic, country_code, latitude, longitude, name, short_code, uic_code, type) VALUES (437165, true, 'FI', 59.97955300000000, 23.44350100000000, 'Tammisaari', 'TMS', 76, 1);
INSERT IGNORE INTO station (id, passenger_traffic, country_code, latitude, longitude, name, short_code, uic_code, type) VALUES (437166, false, 'FI', 61.47693300000000, 21.84537000000000, 'Aittaluoto', 'ATL', 676, 0);
INSERT IGNORE INTO station (id, passenger_traffic, country_code, latitude, longitude, name, short_code, uic_code, type) VALUES (437167, false, 'FI', 62.24542600000000, 23.01118400000000, 'Ratikylä', 'RLÄ', 596, 0);
INSERT IGNORE INTO station (id, passenger_traffic, country_code, latitude, longitude, name, short_code, uic_code, type) VALUES (437168, false, 'FI', 63.62756000000000, 22.89829900000000, 'Kolppi', 'KPI', 309, 0);
INSERT IGNORE INTO station (id, passenger_traffic, country_code, latitude, longitude, name, short_code, uic_code, type) VALUES (437169, false, 'FI', 60.30840200000000, 25.05183300000000, 'Havukoski', 'HVK', 1334, 0);
INSERT IGNORE INTO station (id, passenger_traffic, country_code, latitude, longitude, name, short_code, uic_code, type) VALUES (437170, false, 'FI', 60.14040800000000, 23.86843700000000, 'Mustio', 'MSO', 78, 2);
INSERT IGNORE INTO station (id, passenger_traffic, country_code, latitude, longitude, name, short_code, uic_code, type) VALUES (437171, false, 'FI', 60.85547400000000, 28.33717300000000, 'Vainikkala-raja', 'VNAR', 493, 0);
INSERT IGNORE INTO station (id, passenger_traffic, country_code, latitude, longitude, name, short_code, uic_code, type) VALUES (437173, true, 'FI', 60.24931600000000, 24.86128300000000, 'Malminkartano', 'MLO', 659, 1);
INSERT IGNORE INTO station (id, passenger_traffic, country_code, latitude, longitude, name, short_code, uic_code, type) VALUES (437174, false, 'FI', 63.70955700000000, 27.22784700000000, 'Kauppilanmäki', 'KPL', 423, 0);
INSERT IGNORE INTO station (id, passenger_traffic, country_code, latitude, longitude, name, short_code, uic_code, type) VALUES (437175, true, 'FI', 60.86732500000000, 25.27465900000000, 'Järvelä', 'JR', 95, 0);
INSERT IGNORE INTO station (id, passenger_traffic, country_code, latitude, longitude, name, short_code, uic_code, type) VALUES (437176, true, 'FI', 61.00236800000000, 24.47885100000000, 'Hämeenlinna', 'HL', 47, 0);
INSERT IGNORE INTO station (id, passenger_traffic, country_code, latitude, longitude, name, short_code, uic_code, type) VALUES (437177, false, 'FI', 61.89613000000000, 25.17124700000000, 'Jämsänkoski', 'JSK', 205, 0);
INSERT IGNORE INTO station (id, passenger_traffic, country_code, latitude, longitude, name, short_code, uic_code, type) VALUES (437178, false, 'FI', 61.64082700000000, 27.07157600000000, 'Otava', 'OT', 545, 0);
INSERT IGNORE INTO station (id, passenger_traffic, country_code, latitude, longitude, name, short_code, uic_code, type) VALUES (437179, false, 'FI', 61.48033100000000, 23.77354200000000, 'Tampere Viinikka', 'VKA', 1274, 0);
INSERT IGNORE INTO station (id, passenger_traffic, country_code, latitude, longitude, name, short_code, uic_code, type) VALUES (437180, true, 'FI', 60.47593800000000, 26.91934500000000, 'Paimenportti', 'PTI', 768, 0);
INSERT IGNORE INTO station (id, passenger_traffic, country_code, latitude, longitude, name, short_code, uic_code, type) VALUES (437181, false, 'FI', 62.38106100000000, 21.22997200000000, 'Kaskinen', 'KSK', 267, 0);
INSERT IGNORE INTO station (id, passenger_traffic, country_code, latitude, longitude, name, short_code, uic_code, type) VALUES (437182, true, 'FI', 60.20813400000000, 24.92063600000000, 'Ilmala asema', 'ILA', 9, 0);
INSERT IGNORE INTO station (id, passenger_traffic, country_code, latitude, longitude, name, short_code, uic_code, type) VALUES (437183, false, 'FI', 63.32112700000000, 30.12173000000000, 'Pankakoski', 'PAS', 935, 0);
INSERT IGNORE INTO station (id, passenger_traffic, country_code, latitude, longitude, name, short_code, uic_code, type) VALUES (437184, false, 'FI', 61.49146100000000, 23.78518900000000, 'Tampere Järvensivu', 'JVS', 1272, 0);
INSERT IGNORE INTO station (id, passenger_traffic, country_code, latitude, longitude, name, short_code, uic_code, type) VALUES (437185, true, 'FI', 60.48730500000000, 25.06556800000000, 'Saunakallio', 'SAU', 806, 0);
INSERT IGNORE INTO station (id, passenger_traffic, country_code, latitude, longitude, name, short_code, uic_code, type) VALUES (437187, true, 'FI', 59.99019900000000, 23.48860700000000, 'Dragsvik', 'DRA', 167, 0);
INSERT IGNORE INTO station (id, passenger_traffic, country_code, latitude, longitude, name, short_code, uic_code, type) VALUES (437189, false, 'FI', 61.17829500000000, 28.68757800000000, 'Rauha', 'RAH', 501, 0);
INSERT IGNORE INTO station (id, passenger_traffic, country_code, latitude, longitude, name, short_code, uic_code, type) VALUES (437190, false, 'FI', 63.45947400000000, 27.31178600000000, 'Taipale', 'TE', 1268, 0);
INSERT IGNORE INTO station (id, passenger_traffic, country_code, latitude, longitude, name, short_code, uic_code, type) VALUES (437191, false, 'FI', 61.30081200000000, 29.08513600000000, 'Rautjärvi', 'RJÄ', 506, 0);
INSERT IGNORE INTO station (id, passenger_traffic, country_code, latitude, longitude, name, short_code, uic_code, type) VALUES (437192, false, 'FI', 62.40210500000000, 22.95884400000000, 'Ylivalli', 'YLV', 654, 0);
INSERT IGNORE INTO station (id, passenger_traffic, country_code, latitude, longitude, name, short_code, uic_code, type) VALUES (437193, false, 'FI', 65.84579800000000, 24.16384400000000, 'Tornio asema', 'TOR', 351, 0);
INSERT IGNORE INTO station (id, passenger_traffic, country_code, latitude, longitude, name, short_code, uic_code, type) VALUES (437194, false, 'FI', 60.26536900000000, 24.11640800000000, 'Lohja', 'LO', 81, 0);
INSERT IGNORE INTO station (id, passenger_traffic, country_code, latitude, longitude, name, short_code, uic_code, type) VALUES (437195, true, 'FI', 63.36066600000000, 27.39355200000000, 'Lapinlahti', 'LNA', 416, 0);
INSERT IGNORE INTO station (id, passenger_traffic, country_code, latitude, longitude, name, short_code, uic_code, type) VALUES (437196, false, 'FI', 61.00781700000000, 27.99051000000000, 'Törölä', 'TRÄ', 1290, 0);
INSERT IGNORE INTO station (id, passenger_traffic, country_code, latitude, longitude, name, short_code, uic_code, type) VALUES (437197, false, 'FI', 63.09744000000000, 27.74011300000000, 'Ruokosuo', 'RSU', 1342, 0);
INSERT IGNORE INTO station (id, passenger_traffic, country_code, latitude, longitude, name, short_code, uic_code, type) VALUES (437198, false, 'FI', 60.42563900000000, 25.11000100000000, 'Kytömaa', 'KYT', 1111, 0);
INSERT IGNORE INTO station (id, passenger_traffic, country_code, latitude, longitude, name, short_code, uic_code, type) VALUES (437199, true, 'FI', 60.13788500000000, 24.51277600000000, 'Jorvas', 'JRS', 578, 1);
INSERT IGNORE INTO station (id, passenger_traffic, country_code, latitude, longitude, name, short_code, uic_code, type) VALUES (437200, true, 'RU', 56.83520000000000, 35.89280000000000, 'Tver', 'TVE', 9999, 0);
INSERT IGNORE INTO station (id, passenger_traffic, country_code, latitude, longitude, name, short_code, uic_code, type) VALUES (437201, false, 'FI', 60.59909700000000, 26.12785600000000, 'Lapinjärvi', 'LPJ', 108, 0);
INSERT IGNORE INTO station (id, passenger_traffic, country_code, latitude, longitude, name, short_code, uic_code, type) VALUES (437202, true, 'FI', 62.80637500000000, 30.14169100000000, 'Eno', 'ENO', 464, 0);
INSERT IGNORE INTO station (id, passenger_traffic, country_code, latitude, longitude, name, short_code, uic_code, type) VALUES (437203, false, 'FI', 61.38703500000000, 21.96959400000000, 'Nakkila', 'NAL', 672, 0);
INSERT IGNORE INTO station (id, passenger_traffic, country_code, latitude, longitude, name, short_code, uic_code, type) VALUES (437204, false, 'FI', 61.80811800000000, 27.31582600000000, 'Hiirola', 'HIR', 997, 0);
INSERT IGNORE INTO station (id, passenger_traffic, country_code, latitude, longitude, name, short_code, uic_code, type) VALUES (437205, false, 'FI', 64.14361599999999, 24.71276000000000, 'Kangas', 'KGS', 1092, 0);
INSERT IGNORE INTO station (id, passenger_traffic, country_code, latitude, longitude, name, short_code, uic_code, type) VALUES (437206, false, 'FI', 63.63420600000000, 27.20445800000000, 'Soinlahti', 'SOA', 422, 2);
INSERT IGNORE INTO station (id, passenger_traffic, country_code, latitude, longitude, name, short_code, uic_code, type) VALUES (437207, true, 'FI', 60.27079800000000, 24.85329900000000, 'Louhela', 'LOH', 661, 1);
INSERT IGNORE INTO station (id, passenger_traffic, country_code, latitude, longitude, name, short_code, uic_code, type) VALUES (437208, true, 'FI', 60.32328400000000, 25.05979700000000, 'Koivukylä', 'KVY', 559, 1);
INSERT IGNORE INTO station (id, passenger_traffic, country_code, latitude, longitude, name, short_code, uic_code, type) VALUES (437209, false, 'FI', 62.23968700000000, 24.79166100000000, 'Kaleton', 'KTN', 697, 2);
INSERT IGNORE INTO station (id, passenger_traffic, country_code, latitude, longitude, name, short_code, uic_code, type) VALUES (437210, false, 'FI', 60.55232000000000, 27.16650500000000, 'Hamina', 'HMA', 527, 0);
INSERT IGNORE INTO station (id, passenger_traffic, country_code, latitude, longitude, name, short_code, uic_code, type) VALUES (437211, true, 'FI', 64.75892600000000, 26.41356500000000, 'Utajärvi', 'UTJ', 376, 0);
INSERT IGNORE INTO station (id, passenger_traffic, country_code, latitude, longitude, name, short_code, uic_code, type) VALUES (437212, false, 'FI', 60.53270600000000, 24.76163600000000, 'Rajamäki', 'RM', 88, 0);
INSERT IGNORE INTO station (id, passenger_traffic, country_code, latitude, longitude, name, short_code, uic_code, type) VALUES (437213, true, 'FI', 62.99013800000000, 22.00344400000000, 'Laihia', 'LAI', 293, 0);
INSERT IGNORE INTO station (id, passenger_traffic, country_code, latitude, longitude, name, short_code, uic_code, type) VALUES (437214, false, 'FI', 64.14752000000000, 28.27391400000000, 'Vuokatti', 'VKT', 383, 0);
INSERT IGNORE INTO station (id, passenger_traffic, country_code, latitude, longitude, name, short_code, uic_code, type) VALUES (437215, false, 'FI', 65.19563599999999, 25.40707500000000, 'Haukipudas', 'HD', 342, 0);
INSERT IGNORE INTO station (id, passenger_traffic, country_code, latitude, longitude, name, short_code, uic_code, type) VALUES (437216, false, 'FI', 62.10778900000000, 23.06122600000000, 'Lamminkoski', 'LMK', 1151, 0);
INSERT IGNORE INTO station (id, passenger_traffic, country_code, latitude, longitude, name, short_code, uic_code, type) VALUES (437217, false, 'FI', 60.79920000000000, 21.36098800000000, 'Hangonsaari', 'HGS', 1020, 0);
INSERT IGNORE INTO station (id, passenger_traffic, country_code, latitude, longitude, name, short_code, uic_code, type) VALUES (437218, false, 'FI', 61.20811600000000, 28.81209300000000, 'Imatra tavara', 'IMT', 502, 0);
INSERT IGNORE INTO station (id, passenger_traffic, country_code, latitude, longitude, name, short_code, uic_code, type) VALUES (437219, true, 'FI', 66.61792300000000, 26.68723500000000, 'Misi', 'MIS', 366, 0);
INSERT IGNORE INTO station (id, passenger_traffic, country_code, latitude, longitude, name, short_code, uic_code, type) VALUES (437220, false, 'FI', 63.72160000000000, 23.03404500000000, 'Kruunupyy', 'KPY', 311, 0);
INSERT IGNORE INTO station (id, passenger_traffic, country_code, latitude, longitude, name, short_code, uic_code, type) VALUES (437221, true, 'FI', 64.07189800000000, 24.54059300000000, 'Ylivieska', 'YV', 320, 0);
INSERT IGNORE INTO station (id, passenger_traffic, country_code, latitude, longitude, name, short_code, uic_code, type) VALUES (437222, true, 'RU', 60.71607300000000, 28.75140900000000, 'Viipuri', 'VYB', 2000, 0);
INSERT IGNORE INTO station (id, passenger_traffic, country_code, latitude, longitude, name, short_code, uic_code, type) VALUES (437223, false, 'FI', 62.53366700000000, 22.28037600000000, 'Lohiluoma', 'LUO', 1159, 2);
INSERT IGNORE INTO station (id, passenger_traffic, country_code, latitude, longitude, name, short_code, uic_code, type) VALUES (437224, true, 'FI', 60.46649200000000, 26.93495200000000, 'Kotkan satama', 'KTS', 644, 0);
INSERT IGNORE INTO station (id, passenger_traffic, country_code, latitude, longitude, name, short_code, uic_code, type) VALUES (437225, true, 'FI', 63.51475800000000, 29.28700600000000, 'Kohtavaara', 'KOH', 848, 1);
INSERT IGNORE INTO station (id, passenger_traffic, country_code, latitude, longitude, name, short_code, uic_code, type) VALUES (437226, true, 'FI', 59.92666800000000, 23.31240300000000, 'Skogby', 'SGY', 817, 1);
INSERT IGNORE INTO station (id, passenger_traffic, country_code, latitude, longitude, name, short_code, uic_code, type) VALUES (437227, false, 'FI', 62.23253900000000, 25.69039200000000, 'Rautpohja', 'RPH', 1232, 2);
INSERT IGNORE INTO station (id, passenger_traffic, country_code, latitude, longitude, name, short_code, uic_code, type) VALUES (437228, false, 'FI', 63.67432600000000, 22.71468900000000, 'Pietarsaari', 'PTS', 306, 0);
INSERT IGNORE INTO station (id, passenger_traffic, country_code, latitude, longitude, name, short_code, uic_code, type) VALUES (437229, false, 'FI', 62.23995700000000, 25.80100600000000, 'Rauhalahti', 'RHL', 1225, 2);
INSERT IGNORE INTO station (id, passenger_traffic, country_code, latitude, longitude, name, short_code, uic_code, type) VALUES (437230, false, 'FI', 64.60827700000000, 25.02791100000000, 'Tuomioja', 'TJA', 336, 0);
INSERT IGNORE INTO station (id, passenger_traffic, country_code, latitude, longitude, name, short_code, uic_code, type) VALUES (437231, false, 'FI', 62.46816800000000, 21.36395900000000, 'Närpiö', 'NÄR', 268, 2);
INSERT IGNORE INTO station (id, passenger_traffic, country_code, latitude, longitude, name, short_code, uic_code, type) VALUES (437232, true, 'FI', 63.23432100000000, 22.87663100000000, 'Härmä', 'HM', 300, 0);
INSERT IGNORE INTO station (id, passenger_traffic, country_code, latitude, longitude, name, short_code, uic_code, type) VALUES (437233, true, 'FI', 61.67390600000000, 24.36983800000000, 'Orivesi keskusta', 'OVK', 1316, 1);
INSERT IGNORE INTO station (id, passenger_traffic, country_code, latitude, longitude, name, short_code, uic_code, type) VALUES (437234, false, 'FI', 61.20966500000000, 22.08923600000000, 'Kiukainen', 'KN', 169, 0);
INSERT IGNORE INTO station (id, passenger_traffic, country_code, latitude, longitude, name, short_code, uic_code, type) VALUES (437236, false, 'FI', 66.69583100000000, 27.21983600000000, 'Hanhikoski', 'HNH', 812, 2);
INSERT IGNORE INTO station (id, passenger_traffic, country_code, latitude, longitude, name, short_code, uic_code, type) VALUES (437237, false, 'FI', 62.08859400000000, 29.97608200000000, 'Puhos', 'PUS', 919, 0);
INSERT IGNORE INTO station (id, passenger_traffic, country_code, latitude, longitude, name, short_code, uic_code, type) VALUES (437238, true, 'FI', 60.22131000000000, 24.84297600000000, 'Mäkkylä', 'MÄK', 693, 1);
INSERT IGNORE INTO station (id, passenger_traffic, country_code, latitude, longitude, name, short_code, uic_code, type) VALUES (437239, true, 'FI', 60.92772200000000, 25.99396600000000, 'Uusikylä', 'UKÄ', 105, 0);
INSERT IGNORE INTO station (id, passenger_traffic, country_code, latitude, longitude, name, short_code, uic_code, type) VALUES (437240, false, 'FI', 62.01434800000000, 28.27659400000000, 'Rantasalmi', 'RMI', 524, 0);
INSERT IGNORE INTO station (id, passenger_traffic, country_code, latitude, longitude, name, short_code, uic_code, type) VALUES (437241, true, 'FI', 60.22341200000000, 24.85964900000000, 'Pitäjänmäki', 'PJM', 69, 1);
INSERT IGNORE INTO station (id, passenger_traffic, country_code, latitude, longitude, name, short_code, uic_code, type) VALUES (437242, false, 'FI', 60.87791500000000, 26.38437400000000, 'Niinimäki', 'NMÄ', 1324, 0);
INSERT IGNORE INTO station (id, passenger_traffic, country_code, latitude, longitude, name, short_code, uic_code, type) VALUES (437243, false, 'FI', 62.67623900000000, 27.28612100000000, 'Salminen', 'SLN', 405, 0);
INSERT IGNORE INTO station (id, passenger_traffic, country_code, latitude, longitude, name, short_code, uic_code, type) VALUES (437244, true, 'FI', 60.91838700000000, 24.63865000000000, 'Turenki', 'TU', 44, 0);
INSERT IGNORE INTO station (id, passenger_traffic, country_code, latitude, longitude, name, short_code, uic_code, type) VALUES (437245, true, 'FI', 62.61776900000000, 23.60043700000000, 'Alavus', 'ALV', 284, 0);
INSERT IGNORE INTO station (id, passenger_traffic, country_code, latitude, longitude, name, short_code, uic_code, type) VALUES (437246, true, 'FI', 61.34951900000000, 22.88766400000000, 'Vammala', 'VMA', 176, 0);
INSERT IGNORE INTO station (id, passenger_traffic, country_code, latitude, longitude, name, short_code, uic_code, type) VALUES (437247, true, 'FI', 63.54107800000000, 29.13723400000000, 'Nurmes', 'NRM', 472, 0);
INSERT IGNORE INTO station (id, passenger_traffic, country_code, latitude, longitude, name, short_code, uic_code, type) VALUES (437248, true, 'FI', 60.57295900000000, 26.95427900000000, 'Tavastila', 'TSL', 837, 1);
INSERT IGNORE INTO station (id, passenger_traffic, country_code, latitude, longitude, name, short_code, uic_code, type) VALUES (437249, false, 'FI', 60.71112200000000, 25.42034600000000, 'Sipilä', 'SIP', 1254, 0);
INSERT IGNORE INTO station (id, passenger_traffic, country_code, latitude, longitude, name, short_code, uic_code, type) VALUES (437250, false, 'FI', 62.64683700000000, 22.94152200000000, 'Pohjois-Louko', 'PLU', 1214, 0);
INSERT IGNORE INTO station (id, passenger_traffic, country_code, latitude, longitude, name, short_code, uic_code, type) VALUES (437251, true, 'FI', 62.89721800000000, 27.67958100000000, 'Kuopio asema', 'KUO', 408, 0);
INSERT IGNORE INTO station (id, passenger_traffic, country_code, latitude, longitude, name, short_code, uic_code, type) VALUES (437252, true, 'FI', 60.43424500000000, 22.22689400000000, 'Turku satama', 'TUS', 135, 0);
INSERT IGNORE INTO station (id, passenger_traffic, country_code, latitude, longitude, name, short_code, uic_code, type) VALUES (437253, false, 'FI', 61.75001700000000, 23.39035600000000, 'Karhejärvi', 'KRR', 1095, 0);
INSERT IGNORE INTO station (id, passenger_traffic, country_code, latitude, longitude, name, short_code, uic_code, type) VALUES (437254, true, 'FI', 60.64725800000000, 25.30747500000000, 'Mäntsälä', 'MLÄ', 27, 0);
INSERT IGNORE INTO station (id, passenger_traffic, country_code, latitude, longitude, name, short_code, uic_code, type) VALUES (437255, false, 'FI', 63.52084600000000, 27.24616100000000, 'Peltosalmi', 'PMI', 882, 2);
INSERT IGNORE INTO station (id, passenger_traffic, country_code, latitude, longitude, name, short_code, uic_code, type) VALUES (437256, true, 'FI', 60.26390000000000, 25.03003300000000, 'Tapanila', 'TNA', 552, 1);
INSERT IGNORE INTO station (id, passenger_traffic, country_code, latitude, longitude, name, short_code, uic_code, type) VALUES (437257, true, 'FI', 62.62370700000000, 27.12449500000000, 'Suonenjoki', 'SNJ', 404, 0);
INSERT IGNORE INTO station (id, passenger_traffic, country_code, latitude, longitude, name, short_code, uic_code, type) VALUES (437258, false, 'FI', 62.31767600000000, 30.12091500000000, 'Säkäniemi', 'SÄ', 918, 0);
INSERT IGNORE INTO station (id, passenger_traffic, country_code, latitude, longitude, name, short_code, uic_code, type) VALUES (437259, false, 'FI', 60.95365000000000, 24.57693000000000, 'Harviala', 'HRV', 622, 0);
INSERT IGNORE INTO station (id, passenger_traffic, country_code, latitude, longitude, name, short_code, uic_code, type) VALUES (437260, true, 'FI', 66.37087500000000, 25.37511000000000, 'Muurola', 'MUL', 363, 0);
INSERT IGNORE INTO station (id, passenger_traffic, country_code, latitude, longitude, name, short_code, uic_code, type) VALUES (437261, false, 'FI', 61.74082300000000, 24.81310500000000, 'Länkipohja', 'LÄP', 203, 0);
INSERT IGNORE INTO station (id, passenger_traffic, country_code, latitude, longitude, name, short_code, uic_code, type) VALUES (437262, true, 'FI', 62.02588800000000, 24.50695600000000, 'Vilppula', 'VLP', 196, 0);
INSERT IGNORE INTO station (id, passenger_traffic, country_code, latitude, longitude, name, short_code, uic_code, type) VALUES (437263, true, 'FI', 61.86229100000000, 28.92453400000000, 'Pääskylahti', 'PKY', 519, 0);
INSERT IGNORE INTO station (id, passenger_traffic, country_code, latitude, longitude, name, short_code, uic_code, type) VALUES (437264, false, 'FI', 62.73225400000000, 29.85703900000000, 'Kontiolahti', 'KHI', 463, 0);
INSERT IGNORE INTO station (id, passenger_traffic, country_code, latitude, longitude, name, short_code, uic_code, type) VALUES (437265, false, 'FI', 61.63391800000000, 21.41733600000000, 'Tahkoluoto', 'TKO', 702, 0);
INSERT IGNORE INTO station (id, passenger_traffic, country_code, latitude, longitude, name, short_code, uic_code, type) VALUES (437266, true, 'FI', 65.85082300000001, 24.18508000000000, 'Tornio-Itäinen', 'TRI', 1318, 1);
INSERT IGNORE INTO station (id, passenger_traffic, country_code, latitude, longitude, name, short_code, uic_code, type) VALUES (437267, false, 'FI', 61.29667700000000, 22.70647300000000, 'Äetsä', 'ÄS', 174, 0);
INSERT IGNORE INTO station (id, passenger_traffic, country_code, latitude, longitude, name, short_code, uic_code, type) VALUES (437269, false, 'FI', 60.90670300000000, 25.49217600000000, 'Tommola', 'TOM', 1280, 0);
INSERT IGNORE INTO station (id, passenger_traffic, country_code, latitude, longitude, name, short_code, uic_code, type) VALUES (437270, true, 'FI', 64.91290400000000, 25.51454600000000, 'Kempele', 'KML', 769, 0);
INSERT IGNORE INTO station (id, passenger_traffic, country_code, latitude, longitude, name, short_code, uic_code, type) VALUES (437271, false, 'FI', 60.44524400000000, 26.89850300000000, 'Kotolahti', 'KOO', 1329, 0);
INSERT IGNORE INTO station (id, passenger_traffic, country_code, latitude, longitude, name, short_code, uic_code, type) VALUES (437272, false, 'FI', 61.05916700000000, 28.31262400000000, 'Mustolan satama', 'MST', 77, 0);
INSERT IGNORE INTO station (id, passenger_traffic, country_code, latitude, longitude, name, short_code, uic_code, type) VALUES (437273, false, 'FI', 61.46988800000000, 23.76397400000000, 'Tampere tavara', 'TPET', 1273, 0);
INSERT IGNORE INTO station (id, passenger_traffic, country_code, latitude, longitude, name, short_code, uic_code, type) VALUES (437274, false, 'FI', 60.20981300000000, 24.91719100000000, 'Helsinki Kivihaka', 'KHK', 1028, 0);
INSERT IGNORE INTO station (id, passenger_traffic, country_code, latitude, longitude, name, short_code, uic_code, type) VALUES (437276, true, 'FI', 64.26950900000000, 24.82098000000000, 'Oulainen', 'OU', 322, 0);
INSERT IGNORE INTO station (id, passenger_traffic, country_code, latitude, longitude, name, short_code, uic_code, type) VALUES (437277, false, 'FI', 60.30596400000000, 25.48184600000000, 'Sköldvik', 'SLD', 560, 0);
INSERT IGNORE INTO station (id, passenger_traffic, country_code, latitude, longitude, name, short_code, uic_code, type) VALUES (437278, true, 'FI', 60.39976400000000, 25.47795100000000, 'Hinthaara', 'HH', 561, 1);
INSERT IGNORE INTO station (id, passenger_traffic, country_code, latitude, longitude, name, short_code, uic_code, type) VALUES (437279, false, 'FI', 60.76371100000000, 24.78372000000000, 'Sammalisto', 'SAM', 1246, 0);
INSERT IGNORE INTO station (id, passenger_traffic, country_code, latitude, longitude, name, short_code, uic_code, type) VALUES (437280, true, 'FI', 60.50825800000000, 26.89581200000000, 'Kyminlinna', 'KLN', 981, 1);
INSERT IGNORE INTO station (id, passenger_traffic, country_code, latitude, longitude, name, short_code, uic_code, type) VALUES (437281, false, 'FI', 63.17152100000000, 22.95516400000000, 'Raunio', 'RIO', 1227, 0);
INSERT IGNORE INTO station (id, passenger_traffic, country_code, latitude, longitude, name, short_code, uic_code, type) VALUES (437282, false, 'FI', 64.36205200000001, 28.09734600000000, 'Kontiomäki (R934)', 'R934', 99998, 2);
INSERT IGNORE INTO station (id, passenger_traffic, country_code, latitude, longitude, name, short_code, uic_code, type) VALUES (437283, false, 'FI', 63.97813700000000, 24.27869700000000, 'Sievi', 'SVI', 319, 0);
INSERT IGNORE INTO station (id, passenger_traffic, country_code, latitude, longitude, name, short_code, uic_code, type) VALUES (437285, true, 'FI', 66.72427300000000, 27.40371500000000, 'Kemijärvi', 'KJÄ', 367, 0);
INSERT IGNORE INTO station (id, passenger_traffic, country_code, latitude, longitude, name, short_code, uic_code, type) VALUES (437286, false, 'FI', 61.84466100000000, 22.48191900000000, 'Niinisalo', 'NNS', 227, 0);
INSERT IGNORE INTO station (id, passenger_traffic, country_code, latitude, longitude, name, short_code, uic_code, type) VALUES (437287, false, 'FI', 62.59686200000000, 25.74762900000000, 'Äänekoski', 'ÄKI', 252, 0);
INSERT IGNORE INTO station (id, passenger_traffic, country_code, latitude, longitude, name, short_code, uic_code, type) VALUES (437288, false, 'FI', 61.39425400000000, 22.97114500000000, 'Heinoo', 'HNO', 1025, 0);
INSERT IGNORE INTO station (id, passenger_traffic, country_code, latitude, longitude, name, short_code, uic_code, type) VALUES (437289, false, 'FI', 62.31160000000000, 22.98747400000000, 'Madesjärvi', 'MD', 217, 0);
INSERT IGNORE INTO station (id, passenger_traffic, country_code, latitude, longitude, name, short_code, uic_code, type) VALUES (437290, true, 'FI', 60.50032900000000, 25.05022500000000, 'Purola', 'PUR', 564, 0);
INSERT IGNORE INTO station (id, passenger_traffic, country_code, latitude, longitude, name, short_code, uic_code, type) VALUES (437291, false, 'FI', 61.55066400000000, 24.08737400000000, 'Haviseva', 'HVS', 1021, 0);
INSERT IGNORE INTO station (id, passenger_traffic, country_code, latitude, longitude, name, short_code, uic_code, type) VALUES (437292, true, 'FI', 62.34623400000000, 24.39560800000000, 'Pihlajavesi', 'PH', 261, 0);
INSERT IGNORE INTO station (id, passenger_traffic, country_code, latitude, longitude, name, short_code, uic_code, type) VALUES (437293, true, 'FI', 61.80330800000000, 29.29429400000000, 'Retretti', 'REE', 793, 1);
INSERT IGNORE INTO station (id, passenger_traffic, country_code, latitude, longitude, name, short_code, uic_code, type) VALUES (437294, false, 'FI', 61.91059200000000, 27.28512900000000, 'Kalvitsa', 'KSA', 548, 0);
INSERT IGNORE INTO station (id, passenger_traffic, country_code, latitude, longitude, name, short_code, uic_code, type) VALUES (437295, false, 'FI', 64.98925000000000, 25.45244800000000, 'Oulu Oritkari', 'ORI', 1196, 0);
INSERT IGNORE INTO station (id, passenger_traffic, country_code, latitude, longitude, name, short_code, uic_code, type) VALUES (437296, false, 'FI', 66.51809799999999, 25.88010000000000, 'Vaarala', 'VRA', 807, 2);
INSERT IGNORE INTO station (id, passenger_traffic, country_code, latitude, longitude, name, short_code, uic_code, type) VALUES (437297, false, 'FI', 61.69505800000000, 29.66086500000000, 'Saari', 'SR', 964, 0);
INSERT IGNORE INTO station (id, passenger_traffic, country_code, latitude, longitude, name, short_code, uic_code, type) VALUES (437298, true, 'FI', 61.42110400000000, 26.88174600000000, 'Mäntyharju', 'MR', 544, 0);
INSERT IGNORE INTO station (id, passenger_traffic, country_code, latitude, longitude, name, short_code, uic_code, type) VALUES (437299, true, 'FI', 63.56009900000000, 27.20110900000000, 'Iisalmi', 'ILM', 420, 0);
INSERT IGNORE INTO station (id, passenger_traffic, country_code, latitude, longitude, name, short_code, uic_code, type) VALUES (437300, true, 'FI', 61.30968900000000, 22.13326100000000, 'Harjavalta', 'HVA', 218, 0);
INSERT IGNORE INTO station (id, passenger_traffic, country_code, latitude, longitude, name, short_code, uic_code, type) VALUES (437301, false, 'FI', 60.72538500000000, 24.79290900000000, 'Riihimäki lajittelu', 'RILA', 1238, 0);
INSERT IGNORE INTO station (id, passenger_traffic, country_code, latitude, longitude, name, short_code, uic_code, type) VALUES (437302, true, 'FI', 60.17209700000000, 24.94124900000000, 'Helsinki asema', 'HKI', 1, 0);
INSERT IGNORE INTO station (id, passenger_traffic, country_code, latitude, longitude, name, short_code, uic_code, type) VALUES (437303, false, 'FI', 62.75635800000000, 29.08045300000000, 'Vuonos', 'VNS', 863, 0);
INSERT IGNORE INTO station (id, passenger_traffic, country_code, latitude, longitude, name, short_code, uic_code, type) VALUES (437304, false, 'FI', 60.62317000000000, 22.55874400000000, 'Karviainen', 'KAR', 1100, 0);
INSERT IGNORE INTO station (id, passenger_traffic, country_code, latitude, longitude, name, short_code, uic_code, type) VALUES (437305, true, 'FI', 60.69667400000000, 26.83917800000000, 'Inkeroinen', 'IKR', 530, 0);
INSERT IGNORE INTO station (id, passenger_traffic, country_code, latitude, longitude, name, short_code, uic_code, type) VALUES (437306, false, 'FI', 60.33960700000000, 25.07236300000000, 'Hanala', 'HNA', 1018, 0);
INSERT IGNORE INTO station (id, passenger_traffic, country_code, latitude, longitude, name, short_code, uic_code, type) VALUES (437307, false, 'FI', 60.92101900000000, 26.65625200000000, 'Kuusankoski', 'KUK', 537, 0);
INSERT IGNORE INTO station (id, passenger_traffic, country_code, latitude, longitude, name, short_code, uic_code, type) VALUES (437308, false, 'FI', 60.71471600000000, 24.80231200000000, 'Riihimäki tavara', 'RIT', 1240, 0);
INSERT IGNORE INTO station (id, passenger_traffic, country_code, latitude, longitude, name, short_code, uic_code, type) VALUES (437309, false, 'FI', 60.65041700000000, 21.96412900000000, 'Mynämäki', 'MYN', 123, 0);
INSERT IGNORE INTO station (id, passenger_traffic, country_code, latitude, longitude, name, short_code, uic_code, type) VALUES (437310, false, 'FI', 63.34380400000000, 22.77233400000000, 'Köykkäri', 'KÖK', 1144, 0);
INSERT IGNORE INTO station (id, passenger_traffic, country_code, latitude, longitude, name, short_code, uic_code, type) VALUES (437311, false, 'FI', 60.41826100000000, 26.24761200000000, 'Loviisan satama', 'LVS', 106, 0);
INSERT IGNORE INTO station (id, passenger_traffic, country_code, latitude, longitude, name, short_code, uic_code, type) VALUES (437312, false, 'FI', 65.89466000000000, 24.62574400000000, 'Törmä', 'TÖR', 1287, 0);
INSERT IGNORE INTO station (id, passenger_traffic, country_code, latitude, longitude, name, short_code, uic_code, type) VALUES (437313, true, 'FI', 63.64090700000000, 26.61133400000000, 'Kiuruvesi', 'KRV', 417, 0);
INSERT IGNORE INTO station (id, passenger_traffic, country_code, latitude, longitude, name, short_code, uic_code, type) VALUES (437314, false, 'FI', 61.79064300000000, 29.74189500000000, 'Poiksilta', 'POI', 965, 2);
INSERT IGNORE INTO station (id, passenger_traffic, country_code, latitude, longitude, name, short_code, uic_code, type) VALUES (437315, false, 'FI', 62.16267300000000, 27.20350200000000, 'Loukolampi', 'LOL', 861, 0);
INSERT IGNORE INTO station (id, passenger_traffic, country_code, latitude, longitude, name, short_code, uic_code, type) VALUES (437316, false, 'FI', 61.06641500000000, 28.25963100000000, 'Lauritsala', 'LRS', 498, 0);
INSERT IGNORE INTO station (id, passenger_traffic, country_code, latitude, longitude, name, short_code, uic_code, type) VALUES (437317, true, 'FI', 59.83014100000000, 22.98836100000000, 'Hanko-Pohjoinen', 'HKP', 879, 0);
INSERT IGNORE INTO station (id, passenger_traffic, country_code, latitude, longitude, name, short_code, uic_code, type) VALUES (437318, true, 'FI', 63.09778600000000, 21.62182400000000, 'Vaasa', 'VS', 288, 0);
INSERT IGNORE INTO station (id, passenger_traffic, country_code, latitude, longitude, name, short_code, uic_code, type) VALUES (437319, false, 'FI', 60.91209400000000, 28.10607000000000, 'Raippo', 'RPO', 490, 0);
INSERT IGNORE INTO station (id, passenger_traffic, country_code, latitude, longitude, name, short_code, uic_code, type) VALUES (437320, true, 'FI', 60.81804800000000, 24.75818600000000, 'Ryttylä', 'RY', 42, 0);
INSERT IGNORE INTO station (id, passenger_traffic, country_code, latitude, longitude, name, short_code, uic_code, type) VALUES (437321, false, 'FI', 62.78484700000000, 22.86628900000000, 'Seinäjoki tavara', 'SKT', 1252, 0);
INSERT IGNORE INTO station (id, passenger_traffic, country_code, latitude, longitude, name, short_code, uic_code, type) VALUES (437322, false, 'FI', 62.62055700000000, 29.56453400000000, 'Ylämylly', 'YLY', 913, 0);
INSERT IGNORE INTO station (id, passenger_traffic, country_code, latitude, longitude, name, short_code, uic_code, type) VALUES (437323, false, 'RU', 60.84033800000000, 28.37770000000000, 'Buslovskaja', 'BSL', 2140, 0);
INSERT IGNORE INTO station (id, passenger_traffic, country_code, latitude, longitude, name, short_code, uic_code, type) VALUES (437324, true, 'FI', 61.31423300000000, 23.75509400000000, 'Lempäälä', 'LPÄ', 156, 0);
INSERT IGNORE INTO station (id, passenger_traffic, country_code, latitude, longitude, name, short_code, uic_code, type) VALUES (437325, false, 'FI', 60.60147100000000, 24.90623100000000, 'Palopuro', 'PLP', 562, 0);
INSERT IGNORE INTO station (id, passenger_traffic, country_code, latitude, longitude, name, short_code, uic_code, type) VALUES (437326, true, 'FI', 62.31238900000000, 27.87341500000000, 'Varkaus', 'VAR', 432, 0);
INSERT IGNORE INTO station (id, passenger_traffic, country_code, latitude, longitude, name, short_code, uic_code, type) VALUES (437327, false, 'FI', 65.53574700000000, 25.27256600000000, 'Myllykangas', 'MYS', 1183, 0);
INSERT IGNORE INTO station (id, passenger_traffic, country_code, latitude, longitude, name, short_code, uic_code, type) VALUES (437328, false, 'FI', 63.37180600000000, 25.55627800000000, 'Pihtipudas', 'PP', 258, 0);
INSERT IGNORE INTO station (id, passenger_traffic, country_code, latitude, longitude, name, short_code, uic_code, type) VALUES (437329, false, 'FI', 63.68640600000000, 28.80086200000000, 'Valtimo', 'VLM', 475, 0);
INSERT IGNORE INTO station (id, passenger_traffic, country_code, latitude, longitude, name, short_code, uic_code, type) VALUES (437330, false, 'FI', 60.97619000000000, 27.89213600000000, 'Rasinsuo', 'RAS', 1222, 0);
INSERT IGNORE INTO station (id, passenger_traffic, country_code, latitude, longitude, name, short_code, uic_code, type) VALUES (437331, true, 'FI', 60.30308100000000, 25.04910400000000, 'Hiekkaharju', 'HKH', 556, 0);
INSERT IGNORE INTO station (id, passenger_traffic, country_code, latitude, longitude, name, short_code, uic_code, type) VALUES (437332, false, 'FI', 63.31417400000000, 30.06464900000000, 'Lieksan teollisuuskylä', 'LTK', 1157, 2);
INSERT IGNORE INTO station (id, passenger_traffic, country_code, latitude, longitude, name, short_code, uic_code, type) VALUES (437333, true, 'FI', 61.49823600000000, 23.77345400000000, 'Tampere asema', 'TPE', 160, 0);
INSERT IGNORE INTO station (id, passenger_traffic, country_code, latitude, longitude, name, short_code, uic_code, type) VALUES (437334, false, 'FI', 60.92503200000000, 25.51335700000000, 'Hakosilta', 'HLT', 1014, 0);
INSERT IGNORE INTO station (id, passenger_traffic, country_code, latitude, longitude, name, short_code, uic_code, type) VALUES (437335, true, 'FI', 62.60534900000000, 23.72232300000000, 'Tuuri', 'TUU', 283, 1);
INSERT IGNORE INTO station (id, passenger_traffic, country_code, latitude, longitude, name, short_code, uic_code, type) VALUES (437336, true, 'FI', 60.97647000000000, 25.65739700000000, 'Lahti', 'LH', 100, 0);
INSERT IGNORE INTO station (id, passenger_traffic, country_code, latitude, longitude, name, short_code, uic_code, type) VALUES (437337, false, 'FI', 62.43021600000000, 29.96836600000000, 'Hammaslahti', 'HSL', 451, 0);
INSERT IGNORE INTO station (id, passenger_traffic, country_code, latitude, longitude, name, short_code, uic_code, type) VALUES (437338, false, 'FI', 61.12497300000000, 28.83178200000000, 'Imatrankoski-raja', 'IMKR', 503, 0);
INSERT IGNORE INTO station (id, passenger_traffic, country_code, latitude, longitude, name, short_code, uic_code, type) VALUES (437339, false, 'FI', 62.17502100000000, 30.60026800000000, 'Niirala', 'NRL', 446, 0);
INSERT IGNORE INTO station (id, passenger_traffic, country_code, latitude, longitude, name, short_code, uic_code, type) VALUES (437340, true, 'FI', 60.47368400000000, 25.09079600000000, 'Järvenpää asema', 'JP', 25, 0);
INSERT IGNORE INTO station (id, passenger_traffic, country_code, latitude, longitude, name, short_code, uic_code, type) VALUES (437341, false, 'FI', 60.58268700000000, 25.21819400000000, 'Korvensuo', 'KSU', 1128, 0);
INSERT IGNORE INTO station (id, passenger_traffic, country_code, latitude, longitude, name, short_code, uic_code, type) VALUES (437342, false, 'FI', 60.53852400000000, 22.36562200000000, 'Maaria', 'MRI', 1166, 0);
INSERT IGNORE INTO station (id, passenger_traffic, country_code, latitude, longitude, name, short_code, uic_code, type) VALUES (437343, false, 'FI', 62.92765400000000, 28.67520000000000, 'Luikonlahti', 'LUI', 411, 0);
INSERT IGNORE INTO station (id, passenger_traffic, country_code, latitude, longitude, name, short_code, uic_code, type) VALUES (437344, true, 'FI', 61.42478700000000, 29.37169600000000, 'Simpele', 'SPL', 507, 0);
INSERT IGNORE INTO station (id, passenger_traffic, country_code, latitude, longitude, name, short_code, uic_code, type) VALUES (437345, false, 'FI', 61.99036900000000, 25.41059600000000, 'Saakoski', 'SAA', 668, 0);
INSERT IGNORE INTO station (id, passenger_traffic, country_code, latitude, longitude, name, short_code, uic_code, type) VALUES (437346, false, 'FI', 60.22750700000000, 25.16795600000000, 'Vuosaari', 'VSA', 1321, 0);
INSERT IGNORE INTO station (id, passenger_traffic, country_code, latitude, longitude, name, short_code, uic_code, type) VALUES (437347, false, 'FI', 63.86845400000000, 23.63715100000000, 'Riippa', 'RPA', 747, 0);
INSERT IGNORE INTO station (id, passenger_traffic, country_code, latitude, longitude, name, short_code, uic_code, type) VALUES (437348, true, 'FI', 61.68781800000000, 27.27796900000000, 'Mikkeli', 'MI', 546, 0);
INSERT IGNORE INTO station (id, passenger_traffic, country_code, latitude, longitude, name, short_code, uic_code, type) VALUES (437349, false, 'FI', 64.06442600000000, 27.57958100000000, 'Murtomäki', 'MUR', 386, 0);
INSERT IGNORE INTO station (id, passenger_traffic, country_code, latitude, longitude, name, short_code, uic_code, type) VALUES (437350, false, 'FI', 61.72474200000000, 24.65886800000000, 'Talviainen', 'TV', 1270, 0);
INSERT IGNORE INTO station (id, passenger_traffic, country_code, latitude, longitude, name, short_code, uic_code, type) VALUES (437351, false, 'FI', 64.88702400000000, 28.89046600000000, 'Ämmänsaari', 'ÄM', 394, 0);
INSERT IGNORE INTO station (id, passenger_traffic, country_code, latitude, longitude, name, short_code, uic_code, type) VALUES (437352, true, 'FI', 60.14064800000000, 24.22167100000000, 'Siuntio', 'STI', 576, 0);
INSERT IGNORE INTO station (id, passenger_traffic, country_code, latitude, longitude, name, short_code, uic_code, type) VALUES (437353, false, 'FI', 65.85197800000000, 24.17026500000000, 'Tornio (R742)', 'R742', 98992, 2);
INSERT IGNORE INTO station (id, passenger_traffic, country_code, latitude, longitude, name, short_code, uic_code, type) VALUES (437354, true, 'FI', 60.75258800000000, 24.91920100000000, 'Hikiä', 'HK', 91, 1);
INSERT IGNORE INTO station (id, passenger_traffic, country_code, latitude, longitude, name, short_code, uic_code, type) VALUES (437355, true, 'FI', 64.21971600000001, 27.73837400000000, 'Kajaani', 'KAJ', 387, 0);
INSERT IGNORE INTO station (id, passenger_traffic, country_code, latitude, longitude, name, short_code, uic_code, type) VALUES (437356, false, 'FI', 61.00574600000000, 25.65780700000000, 'Mukkula', 'MUK', 594, 0);
INSERT IGNORE INTO station (id, passenger_traffic, country_code, latitude, longitude, name, short_code, uic_code, type) VALUES (437357, false, 'FI', 60.83713100000000, 25.12366100000000, 'Jutila', 'JUT', 1085, 0);
INSERT IGNORE INTO station (id, passenger_traffic, country_code, latitude, longitude, name, short_code, uic_code, type) VALUES (437358, false, 'FI', 64.73398400000001, 25.22749900000000, 'Hirvineva', 'HVN', 1041, 0);
INSERT IGNORE INTO station (id, passenger_traffic, country_code, latitude, longitude, name, short_code, uic_code, type) VALUES (437359, true, 'FI', 63.45487400000000, 29.44413000000000, 'Höljäkkä', 'HÖL', 938, 1);
INSERT IGNORE INTO station (id, passenger_traffic, country_code, latitude, longitude, name, short_code, uic_code, type) VALUES (437360, false, 'FI', 64.98895899999999, 25.47606700000000, 'Oulu Nokela', 'NOK', 1195, 0);
INSERT IGNORE INTO station (id, passenger_traffic, country_code, latitude, longitude, name, short_code, uic_code, type) VALUES (437361, false, 'FI', 62.66638100000000, 30.94156200000000, 'Ilomantsi', 'ILO', 459, 0);
INSERT IGNORE INTO station (id, passenger_traffic, country_code, latitude, longitude, name, short_code, uic_code, type) VALUES (437362, true, 'FI', 62.97133800000000, 23.01511200000000, 'Lapua', 'LPA', 298, 0);
INSERT IGNORE INTO station (id, passenger_traffic, country_code, latitude, longitude, name, short_code, uic_code, type) VALUES (437363, true, 'FI', 60.94637900000000, 25.83372400000000, 'Villähde', 'VLH', 104, 0);
INSERT IGNORE INTO station (id, passenger_traffic, country_code, latitude, longitude, name, short_code, uic_code, type) VALUES (437364, false, 'FI', 64.92621300000000, 28.56955200000000, 'Pesiökylä', 'PSK', 393, 0);
INSERT IGNORE INTO station (id, passenger_traffic, country_code, latitude, longitude, name, short_code, uic_code, type) VALUES (437365, false, 'FI', 62.54954500000000, 22.94198800000000, 'Peräseinäjoki', 'PSJ', 687, 0);
INSERT IGNORE INTO station (id, passenger_traffic, country_code, latitude, longitude, name, short_code, uic_code, type) VALUES (437366, false, 'FI', 60.09821500000000, 23.55187200000000, 'Pohjankuru', 'PKU', 59, 0);
INSERT IGNORE INTO station (id, passenger_traffic, country_code, latitude, longitude, name, short_code, uic_code, type) VALUES (437367, true, 'FI', 62.54067700000000, 24.19147900000000, 'Eläinpuisto-Zoo', 'EPZ', 623, 1);
INSERT IGNORE INTO station (id, passenger_traffic, country_code, latitude, longitude, name, short_code, uic_code, type) VALUES (437368, true, 'FI', 60.40820700000000, 25.55466300000000, 'Haksi', 'HSI', 1015, 1);
INSERT IGNORE INTO station (id, passenger_traffic, country_code, latitude, longitude, name, short_code, uic_code, type) VALUES (437369, false, 'FI', 61.13236100000000, 21.49243100000000, 'Rauma', 'RMA', 165, 0);
INSERT IGNORE INTO station (id, passenger_traffic, country_code, latitude, longitude, name, short_code, uic_code, type) VALUES (437370, false, 'FI', 66.16555800000000, 23.92106000000000, 'Niemenpää', 'NMP', 1185, 0);
INSERT IGNORE INTO station (id, passenger_traffic, country_code, latitude, longitude, name, short_code, uic_code, type) VALUES (437371, false, 'FI', 62.64224600000000, 23.42063700000000, 'Niinimaa', 'NII', 285, 2);
INSERT IGNORE INTO station (id, passenger_traffic, country_code, latitude, longitude, name, short_code, uic_code, type) VALUES (437372, true, 'RU', 59.95713100000000, 30.35630800000000, 'Pietari_(Finljandski)', 'PTR', 3820, 0);
INSERT IGNORE INTO station (id, passenger_traffic, country_code, latitude, longitude, name, short_code, uic_code, type) VALUES (437373, false, 'FI', 63.54575700000000, 27.21392400000000, 'Iisalmen teollisuusraiteet', 'ITR', 1049, 2);
INSERT IGNORE INTO station (id, passenger_traffic, country_code, latitude, longitude, name, short_code, uic_code, type) VALUES (437374, false, 'FI', 62.64401200000000, 27.08599800000000, 'Yläkoski', 'YLK', 867, 0);
INSERT IGNORE INTO station (id, passenger_traffic, country_code, latitude, longitude, name, short_code, uic_code, type) VALUES (437375, true, 'FI', 62.59953600000000, 29.77703300000000, 'Joensuu asema', 'JNS', 460, 0);
INSERT IGNORE INTO station (id, passenger_traffic, country_code, latitude, longitude, name, short_code, uic_code, type) VALUES (437376, false, 'FI', 65.66313500000000, 25.06075200000000, 'Simo', 'SIM', 346, 0);
INSERT IGNORE INTO station (id, passenger_traffic, country_code, latitude, longitude, name, short_code, uic_code, type) VALUES (437377, false, 'FI', 60.14611400000000, 24.52478400000000, 'Vasikkahaka', 'VKH', 1300, 0);
INSERT IGNORE INTO station (id, passenger_traffic, country_code, latitude, longitude, name, short_code, uic_code, type) VALUES (437378, false, 'FI', 62.52310300000000, 30.55893800000000, 'Tuupovaara', 'TPV', 458, 0);
INSERT IGNORE INTO station (id, passenger_traffic, country_code, latitude, longitude, name, short_code, uic_code, type) VALUES (437379, false, 'FI', 61.46524600000000, 23.21000600000000, 'Suoniemi', 'SNM', 638, 0);
INSERT IGNORE INTO station (id, passenger_traffic, country_code, latitude, longitude, name, short_code, uic_code, type) VALUES (437380, true, 'FI', 60.18945600000000, 24.60035400000000, 'Kauklahti asema', 'KLH', 65, 0);
INSERT IGNORE INTO station (id, passenger_traffic, country_code, latitude, longitude, name, short_code, uic_code, type) VALUES (437381, false, 'FI', 62.02565800000000, 27.20260600000000, 'Haukivuori', 'HAU', 549, 0);
INSERT IGNORE INTO station (id, passenger_traffic, country_code, latitude, longitude, name, short_code, uic_code, type) VALUES (437382, true, 'FI', 60.45027400000000, 22.29711400000000, 'Kupittaa', 'KUT', 126, 0);
INSERT IGNORE INTO station (id, passenger_traffic, country_code, latitude, longitude, name, short_code, uic_code, type) VALUES (437383, false, 'FI', 63.15085000000000, 27.87487900000000, 'Sänkimäki', 'SKM', 872, 2);
INSERT IGNORE INTO station (id, passenger_traffic, country_code, latitude, longitude, name, short_code, uic_code, type) VALUES (437384, true, 'FI', 64.33821900000000, 28.11469400000000, 'Kontiomäki', 'KON', 390, 0);
INSERT IGNORE INTO station (id, passenger_traffic, country_code, latitude, longitude, name, short_code, uic_code, type) VALUES (437385, false, 'FI', 63.52123100000000, 22.69252000000000, 'Kovjoki', 'KOI', 745, 0);
INSERT IGNORE INTO station (id, passenger_traffic, country_code, latitude, longitude, name, short_code, uic_code, type) VALUES (437386, true, 'FI', 60.22900000000000, 24.96767600000000, 'Oulunkylä', 'OLK', 15, 0);
INSERT IGNORE INTO station (id, passenger_traffic, country_code, latitude, longitude, name, short_code, uic_code, type) VALUES (437387, false, 'FI', 61.13426000000000, 28.81372800000000, 'Pelkola', 'PA', 1055, 0);
INSERT IGNORE INTO station (id, passenger_traffic, country_code, latitude, longitude, name, short_code, uic_code, type) VALUES (437388, false, 'FI', 60.88013500000000, 26.95969800000000, 'Kattilaharju', 'KTH', 1319, 0);
INSERT IGNORE INTO station (id, passenger_traffic, country_code, latitude, longitude, name, short_code, uic_code, type) VALUES (437389, true, 'FI', 61.44331400000000, 23.04912900000000, 'Karkku', 'KRU', 178, 0);
INSERT IGNORE INTO station (id, passenger_traffic, country_code, latitude, longitude, name, short_code, uic_code, type) VALUES (437390, true, 'FI', 62.30125300000000, 27.16753000000000, 'Pieksämäki asema', 'PM', 400, 0);
INSERT IGNORE INTO station (id, passenger_traffic, country_code, latitude, longitude, name, short_code, uic_code, type) VALUES (437392, false, 'FI', 61.26113300000000, 23.75895300000000, 'Mattila', 'MAT', 1172, 0);
INSERT IGNORE INTO station (id, passenger_traffic, country_code, latitude, longitude, name, short_code, uic_code, type) VALUES (437393, true, 'FI', 60.06872400000000, 23.66126000000000, 'Karjaa', 'KR', 60, 0);
INSERT IGNORE INTO station (id, passenger_traffic, country_code, latitude, longitude, name, short_code, uic_code, type) VALUES (437394, false, 'FI', 63.14273800000000, 27.95139800000000, 'Kinahmi', 'KNH', 873, 2);
INSERT IGNORE INTO station (id, passenger_traffic, country_code, latitude, longitude, name, short_code, uic_code, type) VALUES (437395, true, 'FI', 60.40671900000000, 25.61320400000000, 'Kiiala', 'KIA', 1113, 1);
INSERT IGNORE INTO station (id, passenger_traffic, country_code, latitude, longitude, name, short_code, uic_code, type) VALUES (437396, true, 'FI', 60.11964800000000, 24.43881400000000, 'Kirkkonummi', 'KKN', 63, 0);
INSERT IGNORE INTO station (id, passenger_traffic, country_code, latitude, longitude, name, short_code, uic_code, type) VALUES (437397, true, 'FI', 60.86383500000000, 28.30320100000000, 'Vainikkala asema', 'VNA', 492, 0);
INSERT IGNORE INTO station (id, passenger_traffic, country_code, latitude, longitude, name, short_code, uic_code, type) VALUES (437398, false, 'FI', 60.38280400000000, 25.37422800000000, 'Olli', 'OLLI', 570, 2);
INSERT IGNORE INTO station (id, passenger_traffic, country_code, latitude, longitude, name, short_code, uic_code, type) VALUES (437399, false, 'FI', 61.30632800000000, 26.84670700000000, 'Kinni', 'KII', 1120, 0);
INSERT IGNORE INTO station (id, passenger_traffic, country_code, latitude, longitude, name, short_code, uic_code, type) VALUES (437400, false, 'FI', 61.08816300000000, 28.34156600000000, 'Muukko', 'MKO', 1180, 0);
INSERT IGNORE INTO station (id, passenger_traffic, country_code, latitude, longitude, name, short_code, uic_code, type) VALUES (437401, true, 'FI', 62.79201600000000, 22.84421700000000, 'Seinäjoki asema', 'SK', 280, 0);
INSERT IGNORE INTO station (id, passenger_traffic, country_code, latitude, longitude, name, short_code, uic_code, type) VALUES (437402, false, 'FI', 63.84089000000000, 23.34885900000000, 'Matkaneva', 'MTV', 1171, 0);
INSERT IGNORE INTO station (id, passenger_traffic, country_code, latitude, longitude, name, short_code, uic_code, type) VALUES (437403, false, 'FI', 60.85233700000000, 26.51905200000000, 'Saunamäki', 'SMÄ', 1325, 0);
INSERT IGNORE INTO station (id, passenger_traffic, country_code, latitude, longitude, name, short_code, uic_code, type) VALUES (437404, true, 'FI', 60.84895400000000, 25.17423000000000, 'Lappila', 'LAA', 94, 1);
INSERT IGNORE INTO station (id, passenger_traffic, country_code, latitude, longitude, name, short_code, uic_code, type) VALUES (437405, true, 'FI', 63.93638900000000, 24.96076800000000, 'Nivala', 'NVL', 328, 0);
INSERT IGNORE INTO station (id, passenger_traffic, country_code, latitude, longitude, name, short_code, uic_code, type) VALUES (437406, true, 'FI', 64.66037300000001, 25.09820000000000, 'Ruukki', 'RKI', 337, 0);
INSERT IGNORE INTO station (id, passenger_traffic, country_code, latitude, longitude, name, short_code, uic_code, type) VALUES (437407, false, 'FI', 65.67367900000001, 24.54171600000000, 'Ajos', 'AJO', 767, 0);
INSERT IGNORE INTO station (id, passenger_traffic, country_code, latitude, longitude, name, short_code, uic_code, type) VALUES (437408, true, 'FI', 60.73607800000000, 24.78124100000000, 'Riihimäki asema', 'RI', 40, 0);
INSERT IGNORE INTO station (id, passenger_traffic, country_code, latitude, longitude, name, short_code, uic_code, type) VALUES (437409, false, 'FI', 64.54590600000000, 29.98974100000000, 'Vartius-raja', 'VUR', 949, 0);
INSERT IGNORE INTO station (id, passenger_traffic, country_code, latitude, longitude, name, short_code, uic_code, type) VALUES (437410, false, 'FI', 64.81017600000000, 25.42389200000000, 'Liminka', 'LKA', 338, 0);
INSERT IGNORE INTO station (id, passenger_traffic, country_code, latitude, longitude, name, short_code, uic_code, type) VALUES (437411, false, 'FI', 61.80768600000000, 24.37546400000000, 'Korkeakoski', 'KAS', 193, 0);
INSERT IGNORE INTO station (id, passenger_traffic, country_code, latitude, longitude, name, short_code, uic_code, type) VALUES (437412, true, 'FI', 60.93556700000000, 25.93546700000000, 'Nastola', 'NSL', 595, 1);
INSERT IGNORE INTO station (id, passenger_traffic, country_code, latitude, longitude, name, short_code, uic_code, type) VALUES (437413, true, 'FI', 61.19591400000000, 28.77601700000000, 'Imatra asema', 'IMR', 603, 0);
INSERT IGNORE INTO station (id, passenger_traffic, country_code, latitude, longitude, name, short_code, uic_code, type) VALUES (437414, true, 'FI', 63.07495300000000, 27.66656100000000, 'Siilinjärvi asema', 'SIJ', 413, 0);
INSERT IGNORE INTO station (id, passenger_traffic, country_code, latitude, longitude, name, short_code, uic_code, type) VALUES (437415, false, 'FI', 61.41865400000000, 23.75221900000000, 'Sääksjärvi', 'SJ', 157, 0);
INSERT IGNORE INTO station (id, passenger_traffic, country_code, latitude, longitude, name, short_code, uic_code, type) VALUES (437416, false, 'FI', 62.17042600000000, 30.63205100000000, 'Niirala-raja', 'NRLR', 445, 0);
INSERT IGNORE INTO station (id, passenger_traffic, country_code, latitude, longitude, name, short_code, uic_code, type) VALUES (437417, false, 'FI', 65.00091300000000, 25.47029100000000, 'Oulu tavara', 'OLT', 1197, 0);
INSERT IGNORE INTO station (id, passenger_traffic, country_code, latitude, longitude, name, short_code, uic_code, type) VALUES (437418, false, 'FI', 61.16369000000000, 25.98968100000000, 'Myllyoja', 'MYL', 606, 0);
INSERT IGNORE INTO station (id, passenger_traffic, country_code, latitude, longitude, name, short_code, uic_code, type) VALUES (437420, false, 'FI', 63.91490200000000, 24.15136900000000, 'Eskola', 'ELA', 318, 0);
INSERT IGNORE INTO station (id, passenger_traffic, country_code, latitude, longitude, name, short_code, uic_code, type) VALUES (437421, true, 'FI', 61.76115100000000, 29.38235400000000, 'Punkaharju', 'PUN', 517, 0);
INSERT IGNORE INTO station (id, passenger_traffic, country_code, latitude, longitude, name, short_code, uic_code, type) VALUES (437422, true, 'FI', 60.45686300000000, 25.10149400000000, 'Ainola', 'AIN', 628, 0);
INSERT IGNORE INTO station (id, passenger_traffic, country_code, latitude, longitude, name, short_code, uic_code, type) VALUES (437423, true, 'FI', 62.24647600000000, 24.45506700000000, 'Haapamäki', 'HPK', 200, 0);
INSERT IGNORE INTO station (id, passenger_traffic, country_code, latitude, longitude, name, short_code, uic_code, type) VALUES (437424, false, 'FI', 64.11202700000000, 27.09235100000000, 'Otanmäki', 'OTM', 385, 0);
INSERT IGNORE INTO station (id, passenger_traffic, country_code, latitude, longitude, name, short_code, uic_code, type) VALUES (437425, true, 'FI', 60.11855800000000, 24.47272400000000, 'Tolsa', 'TOL', 830, 1);
INSERT IGNORE INTO station (id, passenger_traffic, country_code, latitude, longitude, name, short_code, uic_code, type) VALUES (437426, true, 'FI', 60.21793900000000, 24.78239300000000, 'Kilo', 'KIL', 580, 1);
INSERT IGNORE INTO station (id, passenger_traffic, country_code, latitude, longitude, name, short_code, uic_code, type) VALUES (437427, true, 'FI', 66.49767500000000, 25.70532900000000, 'Rovaniemi', 'ROI', 364, 0);
INSERT IGNORE INTO station (id, passenger_traffic, country_code, latitude, longitude, name, short_code, uic_code, type) VALUES (437428, false, 'FI', 61.06551300000000, 24.23250500000000, 'Leteensuo', 'LTS', 1154, 0);
INSERT IGNORE INTO station (id, passenger_traffic, country_code, latitude, longitude, name, short_code, uic_code, type) VALUES (437429, false, 'FI', 62.89130000000000, 27.64403300000000, 'Kuopio Iloharju', 'ILH', 1366, 0);
INSERT IGNORE INTO station (id, passenger_traffic, country_code, latitude, longitude, name, short_code, uic_code, type) VALUES (437430, true, 'FI', 66.78466000000000, 23.99337400000000, 'Pello', 'PEL', 356, 0);
INSERT IGNORE INTO station (id, passenger_traffic, country_code, latitude, longitude, name, short_code, uic_code, type) VALUES (437431, false, 'FI', 62.89779600000000, 27.69728200000000, 'Kuopio tavara', 'KUOT', 1139, 0);
INSERT IGNORE INTO station (id, passenger_traffic, country_code, latitude, longitude, name, short_code, uic_code, type) VALUES (437432, false, 'FI', 60.42310500000000, 22.51586000000000, 'Piikkiö', 'PIK', 127, 0);
INSERT IGNORE INTO station (id, passenger_traffic, country_code, latitude, longitude, name, short_code, uic_code, type) VALUES (437433, true, 'FI', 63.68293500000000, 25.98261500000000, 'Pyhäsalmi', 'PHÄ', 331, 0);
INSERT IGNORE INTO station (id, passenger_traffic, country_code, latitude, longitude, name, short_code, uic_code, type) VALUES (437434, false, 'FI', 61.51028400000000, 23.68170000000000, 'Lielahti', 'LLH', 183, 0);
INSERT IGNORE INTO station (id, passenger_traffic, country_code, latitude, longitude, name, short_code, uic_code, type) VALUES (437436, true, 'FI', 60.84706700000000, 26.60131000000000, 'Koria', 'KRA', 478, 1);
INSERT IGNORE INTO station (id, passenger_traffic, country_code, latitude, longitude, name, short_code, uic_code, type) VALUES (437437, false, 'FI', 60.75052700000000, 24.91199400000000, 'Kekomäki', 'KEK', 1101, 0);
INSERT IGNORE INTO station (id, passenger_traffic, country_code, latitude, longitude, name, short_code, uic_code, type) VALUES (437438, false, 'FI', 62.45992700000000, 22.21161400000000, 'Kauhajoki', 'KJI', 272, 0);
INSERT IGNORE INTO station (id, passenger_traffic, country_code, latitude, longitude, name, short_code, uic_code, type) VALUES (437439, false, 'FI', 62.32542300000000, 27.88768900000000, 'Kommila', 'KMM', 500, 0);
INSERT IGNORE INTO station (id, passenger_traffic, country_code, latitude, longitude, name, short_code, uic_code, type) VALUES (437440, true, 'FI', 65.73674900000000, 24.57433900000000, 'Kemi asema', 'KEM', 347, 0);
INSERT IGNORE INTO station (id, passenger_traffic, country_code, latitude, longitude, name, short_code, uic_code, type) VALUES (437442, false, 'FI', 62.02901800000000, 24.64688800000000, 'Mänttä', 'MÄN', 198, 0);
INSERT IGNORE INTO station (id, passenger_traffic, country_code, latitude, longitude, name, short_code, uic_code, type) VALUES (437443, true, 'FI', 60.06151100000000, 23.93585000000000, 'Inkoo', 'IKO', 62, 0);
INSERT IGNORE INTO station (id, passenger_traffic, country_code, latitude, longitude, name, short_code, uic_code, type) VALUES (437444, false, 'FI', 61.06350000000000, 23.62626400000000, 'Urjala', 'UR', 148, 0);
INSERT IGNORE INTO station (id, passenger_traffic, country_code, latitude, longitude, name, short_code, uic_code, type) VALUES (437445, false, 'FI', 59.86640800000000, 23.08413800000000, 'Dynamiittivaihde', 'DMV', 581, 2);
INSERT IGNORE INTO station (id, passenger_traffic, country_code, latitude, longitude, name, short_code, uic_code, type) VALUES (437446, false, 'FI', 62.51221000000000, 29.84591100000000, 'Niittylahti', 'NTH', 917, 0);
INSERT IGNORE INTO station (id, passenger_traffic, country_code, latitude, longitude, name, short_code, uic_code, type) VALUES (437447, false, 'FI', 60.48547500000000, 22.13019400000000, 'Raisio', 'RAI', 125, 0);
INSERT IGNORE INTO station (id, passenger_traffic, country_code, latitude, longitude, name, short_code, uic_code, type) VALUES (437448, false, 'FI', 62.88747300000000, 22.97853400000000, 'Ruha', 'RHA', 742, 0);
INSERT IGNORE INTO station (id, passenger_traffic, country_code, latitude, longitude, name, short_code, uic_code, type) VALUES (437449, true, 'FI', 66.32443800000000, 23.68250800000000, 'Ylitornio', 'YTR', 789, 1);
INSERT IGNORE INTO station (id, passenger_traffic, country_code, latitude, longitude, name, short_code, uic_code, type) VALUES (437450, false, 'FI', 63.40838300000000, 22.65527200000000, 'Jepua', 'JPA', 303, 0);
INSERT IGNORE INTO station (id, passenger_traffic, country_code, latitude, longitude, name, short_code, uic_code, type) VALUES (437451, true, 'FI', 60.38129600000000, 25.09780300000000, 'Savio', 'SAV', 555, 1);
INSERT IGNORE INTO station (id, passenger_traffic, country_code, latitude, longitude, name, short_code, uic_code, type) VALUES (437452, true, 'FI', 60.49626100000000, 25.13382000000000, 'Haarajoki', 'HAA', 13, 0);
INSERT IGNORE INTO station (id, passenger_traffic, country_code, latitude, longitude, name, short_code, uic_code, type) VALUES (437453, false, 'FI', 62.75615600000000, 22.91239100000000, 'Syrjämäki', 'SKI', 1265, 0);
INSERT IGNORE INTO station (id, passenger_traffic, country_code, latitude, longitude, name, short_code, uic_code, type) VALUES (437454, true, 'FI', 62.91248200000000, 30.24149700000000, 'Uimaharju', 'UIM', 465, 0);
INSERT IGNORE INTO station (id, passenger_traffic, country_code, latitude, longitude, name, short_code, uic_code, type) VALUES (437455, true, 'FI', 62.25987200000000, 26.19589300000000, 'Lievestuore', 'LVT', 246, 0);
INSERT IGNORE INTO station (id, passenger_traffic, country_code, latitude, longitude, name, short_code, uic_code, type) VALUES (437456, true, 'FI', 60.78980600000000, 25.02131600000000, 'Oitti', 'OI', 92, 0);
INSERT IGNORE INTO station (id, passenger_traffic, country_code, latitude, longitude, name, short_code, uic_code, type) VALUES (437457, false, 'FI', 62.30922200000000, 26.75286200000000, 'Venetmäki', 'VKI', 428, 0);
INSERT IGNORE INTO station (id, passenger_traffic, country_code, latitude, longitude, name, short_code, uic_code, type) VALUES (437458, true, 'FI', 62.91780100000000, 22.53272900000000, 'Ylistaro', 'YST', 296, 1);
INSERT IGNORE INTO station (id, passenger_traffic, country_code, latitude, longitude, name, short_code, uic_code, type) VALUES (437459, false, 'FI', 60.79736400000000, 21.42568500000000, 'Uusikaupunki', 'UKP', 121, 0);
INSERT IGNORE INTO station (id, passenger_traffic, country_code, latitude, longitude, name, short_code, uic_code, type) VALUES (437461, false, 'RU', 62.16575500000000, 30.65278500000000, 'Värtsilä', 'VRS', 2410, 0);
INSERT IGNORE INTO station (id, passenger_traffic, country_code, latitude, longitude, name, short_code, uic_code, type) VALUES (437462, false, 'FI', 62.59345300000000, 29.77172900000000, 'Joensuu Peltola', 'PLT', 1070, 0);
INSERT IGNORE INTO station (id, passenger_traffic, country_code, latitude, longitude, name, short_code, uic_code, type) VALUES (437463, false, 'FI', 63.84024200000000, 23.07035100000000, 'Ykspihlaja tavara', 'YKST', 315, 0);
INSERT IGNORE INTO station (id, passenger_traffic, country_code, latitude, longitude, name, short_code, uic_code, type) VALUES (437464, true, 'FI', 62.52475300000000, 24.28096500000000, 'Myllymäki', 'MY', 263, 1);
INSERT IGNORE INTO station (id, passenger_traffic, country_code, latitude, longitude, name, short_code, uic_code, type) VALUES (437465, true, 'FI', 62.12804900000000, 24.50744400000000, 'Kolho', 'KLO', 199, 1);
INSERT IGNORE INTO station (id, passenger_traffic, country_code, latitude, longitude, name, short_code, uic_code, type) VALUES (437466, false, 'FI', 62.36498100000000, 30.08363300000000, 'Tikkala', 'TKK', 916, 0);
INSERT IGNORE INTO station (id, passenger_traffic, country_code, latitude, longitude, name, short_code, uic_code, type) VALUES (437467, false, 'FI', 63.85044200000000, 23.05824700000000, 'Ykspihlaja väliratapiha', 'YKSV', 1326, 0);
INSERT IGNORE INTO station (id, passenger_traffic, country_code, latitude, longitude, name, short_code, uic_code, type) VALUES (437468, true, 'FI', 59.90408200000000, 23.23691900000000, 'Lappohja', 'LPO', 75, 0);
INSERT IGNORE INTO station (id, passenger_traffic, country_code, latitude, longitude, name, short_code, uic_code, type) VALUES (437469, false, 'FI', 61.81178200000000, 24.94475100000000, 'Lahdenperä', 'LPR', 1149, 0);
INSERT IGNORE INTO station (id, passenger_traffic, country_code, latitude, longitude, name, short_code, uic_code, type) VALUES (437470, true, 'FI', 61.17061100000000, 23.86090500000000, 'Toijala', 'TL', 150, 0);
INSERT IGNORE INTO station (id, passenger_traffic, country_code, latitude, longitude, name, short_code, uic_code, type) VALUES (437471, false, 'FI', 62.63552400000000, 29.70047700000000, 'Onttola', 'ONT', 443, 0);
INSERT IGNORE INTO station (id, passenger_traffic, country_code, latitude, longitude, name, short_code, uic_code, type) VALUES (437472, false, 'FI', 65.77904700000001, 24.56518300000000, 'Kemi Lautiosaari', 'LI', 829, 0);
INSERT IGNORE INTO station (id, passenger_traffic, country_code, latitude, longitude, name, short_code, uic_code, type) VALUES (437473, false, 'FI', 61.62587300000000, 23.52696500000000, 'Lakiala', 'LAK', 212, 0);
INSERT IGNORE INTO station (id, passenger_traffic, country_code, latitude, longitude, name, short_code, uic_code, type) VALUES (437474, false, 'FI', 61.00772900000000, 26.71408800000000, 'Selänpää', 'SPÄ', 539, 0);
INSERT IGNORE INTO station (id, passenger_traffic, country_code, latitude, longitude, name, short_code, uic_code, type) VALUES (437475, false, 'FI', 60.20337400000000, 23.22228000000000, 'Ervelä', 'ERV', 1004, 0);
INSERT IGNORE INTO station (id, passenger_traffic, country_code, latitude, longitude, name, short_code, uic_code, type) VALUES (437476, true, 'FI', 60.20506700000000, 24.65599200000000, 'Espoo', 'EPO', 66, 0);
INSERT IGNORE INTO station (id, passenger_traffic, country_code, latitude, longitude, name, short_code, uic_code, type) VALUES (437477, true, 'FI', 62.14277400000000, 30.04901400000000, 'Kitee', 'KIT', 453, 0);
INSERT IGNORE INTO station (id, passenger_traffic, country_code, latitude, longitude, name, short_code, uic_code, type) VALUES (437478, false, 'FI', 62.11089300000000, 25.65135200000000, 'Muurame', 'MUU', 433, 0);
INSERT IGNORE INTO station (id, passenger_traffic, country_code, latitude, longitude, name, short_code, uic_code, type) VALUES (437479, false, 'FI', 62.47253400000000, 22.95426600000000, 'Jalasjärvi', 'JAL', 276, 0);
INSERT IGNORE INTO station (id, passenger_traffic, country_code, latitude, longitude, name, short_code, uic_code, type) VALUES (437480, true, 'FI', 62.38073900000000, 29.02928200000000, 'Vihtari', 'VIH', 438, 0);
INSERT IGNORE INTO station (id, passenger_traffic, country_code, latitude, longitude, name, short_code, uic_code, type) VALUES (437481, false, 'FI', 61.46161100000000, 27.26433800000000, 'Ristiina', 'RST', 770, 0);
INSERT IGNORE INTO station (id, passenger_traffic, country_code, latitude, longitude, name, short_code, uic_code, type) VALUES (437482, true, 'FI', 61.48105900000000, 23.49917000000000, 'Nokia', 'NOA', 181, 0);
INSERT IGNORE INTO station (id, passenger_traffic, country_code, latitude, longitude, name, short_code, uic_code, type) VALUES (437483, false, 'FI', 61.27392200000000, 24.01707500000000, 'Valkeakoski', 'VI', 153, 0);
INSERT IGNORE INTO station (id, passenger_traffic, country_code, latitude, longitude, name, short_code, uic_code, type) VALUES (437484, true, 'FI', 61.12029100000000, 28.48825200000000, 'Joutseno', 'JTS', 499, 0);
INSERT IGNORE INTO station (id, passenger_traffic, country_code, latitude, longitude, name, short_code, uic_code, type) VALUES (437485, true, 'FI', 60.40429700000000, 25.10602800000000, 'Kerava asema', 'KE', 20, 0);
INSERT IGNORE INTO station (id, passenger_traffic, country_code, latitude, longitude, name, short_code, uic_code, type) VALUES (437486, true, 'FI', 62.38254200000000, 28.64341900000000, 'Heinävesi', 'HNV', 437, 0);
INSERT IGNORE INTO station (id, passenger_traffic, country_code, latitude, longitude, name, short_code, uic_code, type) VALUES (437487, true, 'FI', 62.25697400000000, 25.18933700000000, 'Petäjävesi', 'PVI', 237, 0);
INSERT IGNORE INTO station (id, passenger_traffic, country_code, latitude, longitude, name, short_code, uic_code, type) VALUES (437489, false, 'FI', 61.91302600000000, 23.23216300000000, 'Vahojärvi', 'VJR', 214, 0);
INSERT IGNORE INTO station (id, passenger_traffic, country_code, latitude, longitude, name, short_code, uic_code, type) VALUES (437490, true, 'FI', 63.86461800000000, 27.42231300000000, 'Sukeva', 'SKV', 424, 0);
INSERT IGNORE INTO station (id, passenger_traffic, country_code, latitude, longitude, name, short_code, uic_code, type) VALUES (437491, true, 'FI', 61.88746700000000, 29.80286500000000, 'Kesälahti', 'KTI', 966, 0);
INSERT IGNORE INTO station (id, passenger_traffic, country_code, latitude, longitude, name, short_code, uic_code, type) VALUES (437492, false, 'FI', 63.03625400000000, 23.01334400000000, 'Rajaperkiö', 'RJP', 1220, 0);
INSERT IGNORE INTO station (id, passenger_traffic, country_code, latitude, longitude, name, short_code, uic_code, type) VALUES (437493, true, 'RU', 59.93114240000000, 30.44392500000000, 'Pietari_(Ladozhski)', 'PTL', 3181, 0);
INSERT IGNORE INTO station (id, passenger_traffic, country_code, latitude, longitude, name, short_code, uic_code, type) VALUES (437494, false, 'FI', 64.45078700000001, 29.02251300000000, 'Arola', 'ARO', 939, 0);
INSERT IGNORE INTO station (id, passenger_traffic, country_code, latitude, longitude, name, short_code, uic_code, type) VALUES (437495, false, 'FI', 59.82861700000000, 22.98147300000000, 'Hanko tavara', 'HNKT', 1317, 0);
INSERT IGNORE INTO station (id, passenger_traffic, country_code, latitude, longitude, name, short_code, uic_code, type) VALUES (437496, false, 'FI', 65.31881900000000, 25.44190200000000, 'Ii', 'II', 343, 0);
INSERT IGNORE INTO station (id, passenger_traffic, country_code, latitude, longitude, name, short_code, uic_code, type) VALUES (437497, false, 'FI', 67.15951400000000, 23.86738300000000, 'Sieppijärvi', 'SPJ', 796, 0);
INSERT IGNORE INTO station (id, passenger_traffic, country_code, latitude, longitude, name, short_code, uic_code, type) VALUES (437498, true, 'FI', 60.22202800000000, 24.87583000000000, 'Valimo', 'VMO', 847, 1);
INSERT IGNORE INTO station (id, passenger_traffic, country_code, latitude, longitude, name, short_code, uic_code, type) VALUES (437499, false, 'FI', 61.37071300000000, 23.75953700000000, 'Vanattara', 'VTR', 1295, 0);
INSERT IGNORE INTO station (id, passenger_traffic, country_code, latitude, longitude, name, short_code, uic_code, type) VALUES (437500, false, 'FI', 60.91307700000000, 27.55958400000000, 'Taavetti', 'TA', 486, 0);
INSERT IGNORE INTO station (id, passenger_traffic, country_code, latitude, longitude, name, short_code, uic_code, type) VALUES (437501, true, 'FI', 63.83442900000000, 23.13109600000000, 'Kokkola', 'KOK', 312, 0);
INSERT IGNORE INTO station (id, passenger_traffic, country_code, latitude, longitude, name, short_code, uic_code, type) VALUES (437502, false, 'FI', 65.02871000000000, 25.47494200000000, 'Oulu Tuira', 'TUA', 339, 0);
INSERT IGNORE INTO station (id, passenger_traffic, country_code, latitude, longitude, name, short_code, uic_code, type) VALUES (437503, false, 'FI', 64.65870800000000, 24.44346400000000, 'Rautaruukki', 'RAT', 750, 0);
INSERT IGNORE INTO station (id, passenger_traffic, country_code, latitude, longitude, name, short_code, uic_code, type) VALUES (437504, true, 'FI', 60.19868900000000, 24.93352100000000, 'Pasila asema', 'PSL', 10, 0);
INSERT IGNORE INTO station (id, passenger_traffic, country_code, latitude, longitude, name, short_code, uic_code, type) VALUES (437505, false, 'FI', 62.70007600000000, 25.28309500000000, 'Saarijärvi', 'SRJ', 254, 0);
INSERT IGNORE INTO station (id, passenger_traffic, country_code, latitude, longitude, name, short_code, uic_code, type) VALUES (437506, false, 'FI', 60.69713500000000, 24.81859100000000, 'Riihimäki Arolampi', 'ARP', 1235, 0);
INSERT IGNORE INTO station (id, passenger_traffic, country_code, latitude, longitude, name, short_code, uic_code, type) VALUES (437507, false, 'FI', 60.43180200000000, 26.89751000000000, 'Kotka Mussalo', 'MSS', 557, 0);
INSERT IGNORE INTO station (id, passenger_traffic, country_code, latitude, longitude, name, short_code, uic_code, type) VALUES (437508, true, 'FI', 60.27631300000000, 25.03668300000000, 'Puistola', 'PLA', 553, 1);
INSERT IGNORE INTO station (id, passenger_traffic, country_code, latitude, longitude, name, short_code, uic_code, type) VALUES (437509, true, 'FI', 61.86141200000000, 29.11405300000000, 'Kerimäki', 'KIÄ', 522, 0);
INSERT IGNORE INTO station (id, passenger_traffic, country_code, latitude, longitude, name, short_code, uic_code, type) VALUES (437510, true, 'FI', 60.21948000000000, 24.81354100000000, 'Leppävaara', 'LPV', 68, 0);
INSERT IGNORE INTO station (id, passenger_traffic, country_code, latitude, longitude, name, short_code, uic_code, type) VALUES (437511, true, 'FI', 66.08181100000000, 24.77229100000000, 'Tervola', 'TRV', 361, 0);
INSERT IGNORE INTO station (id, passenger_traffic, country_code, latitude, longitude, name, short_code, uic_code, type) VALUES (437512, false, 'FI', 62.56135200000000, 25.85154500000000, 'Suolahti', 'SUO', 251, 0);
INSERT IGNORE INTO station (id, passenger_traffic, country_code, latitude, longitude, name, short_code, uic_code, type) VALUES (437513, true, 'FI', 60.86561300000000, 26.70458800000000, 'Kouvola asema', 'KV', 480, 0);
INSERT IGNORE INTO station (id, passenger_traffic, country_code, latitude, longitude, name, short_code, uic_code, type) VALUES (437514, false, 'FI', 60.41994600000000, 25.11325600000000, 'Kerava (R660)', 'R660', 98997, 2);
INSERT IGNORE INTO station (id, passenger_traffic, country_code, latitude, longitude, name, short_code, uic_code, type) VALUES (437515, false, 'FI', 64.60364900000000, 25.02078300000000, 'Tuomioja (R530)', 'R530', 99994, 2);
INSERT IGNORE INTO station (id, passenger_traffic, country_code, latitude, longitude, name, short_code, uic_code, type) VALUES (437516, false, 'FI', 61.52675100000000, 26.96649600000000, 'Lelkola', 'LKL', 993, 0);
INSERT IGNORE INTO station (id, passenger_traffic, country_code, latitude, longitude, name, short_code, uic_code, type) VALUES (437517, true, 'FI', 60.28611900000000, 24.84796600000000, 'Vantaankoski', 'VKS', 839, 1);
INSERT IGNORE INTO station (id, passenger_traffic, country_code, latitude, longitude, name, short_code, uic_code, type) VALUES (437518, true, 'FI', 64.55801500000000, 26.84270200000000, 'Vaala', 'VAA', 377, 0);
INSERT IGNORE INTO station (id, passenger_traffic, country_code, latitude, longitude, name, short_code, uic_code, type) VALUES (437519, false, 'FI', 61.10189500000000, 25.93286800000000, 'Vierumäki', 'VRM', 112, 2);
INSERT IGNORE INTO station (id, passenger_traffic, country_code, latitude, longitude, name, short_code, uic_code, type) VALUES (437520, false, 'FI', 60.94061600000000, 26.67715300000000, 'Harju', 'HJ', 985, 0);
INSERT IGNORE INTO station (id, passenger_traffic, country_code, latitude, longitude, name, short_code, uic_code, type) VALUES (437521, true, 'FI', 60.55279800000000, 24.97068200000000, 'Jokela', 'JK', 28, 0);
INSERT IGNORE INTO station (id, passenger_traffic, country_code, latitude, longitude, name, short_code, uic_code, type) VALUES (437522, false, 'FI', 62.68802800000000, 22.46239300000000, 'Koskenkorva', 'KOS', 274, 0);
INSERT IGNORE INTO station (id, passenger_traffic, country_code, latitude, longitude, name, short_code, uic_code, type) VALUES (437523, false, 'FI', 64.47993200000001, 29.47492300000000, 'Ypykkävaara', 'YPY', 940, 0);
INSERT IGNORE INTO station (id, passenger_traffic, country_code, latitude, longitude, name, short_code, uic_code, type) VALUES (437524, false, 'FI', 62.98359800000000, 25.27000500000000, 'Kannonkoski', 'KSI', 256, 0);
INSERT IGNORE INTO station (id, passenger_traffic, country_code, latitude, longitude, name, short_code, uic_code, type) VALUES (437525, false, 'FI', 61.29192300000000, 22.49818500000000, 'Ahvenus', 'AHV', 1000, 0);
INSERT IGNORE INTO station (id, passenger_traffic, country_code, latitude, longitude, name, short_code, uic_code, type) VALUES (437526, true, 'FI', 62.25530900000000, 24.70732500000000, 'Keuruu', 'KEU', 235, 0);
INSERT IGNORE INTO station (id, passenger_traffic, country_code, latitude, longitude, name, short_code, uic_code, type) VALUES (437527, true, 'FI', 63.00077300000000, 22.17146200000000, 'Tervajoki', 'TK', 294, 1);
INSERT IGNORE INTO station (id, passenger_traffic, country_code, latitude, longitude, name, short_code, uic_code, type) VALUES (437528, false, 'FI', 66.16981000000000, 25.20679500000000, 'Koivu', 'KVU', 362, 0);
INSERT IGNORE INTO station (id, passenger_traffic, country_code, latitude, longitude, name, short_code, uic_code, type) VALUES (437529, true, 'FI', 59.82686500000000, 22.96829100000000, 'Hanko asema', 'HNK', 73, 0);
INSERT IGNORE INTO station (id, passenger_traffic, country_code, latitude, longitude, name, short_code, uic_code, type) VALUES (437530, false, 'FI', 63.97925600000000, 27.99542500000000, 'Talvivaara', 'TLV', 1323, 0);
INSERT IGNORE INTO station (id, passenger_traffic, country_code, latitude, longitude, name, short_code, uic_code, type) VALUES (437531, false, 'FI', 60.87288000000000, 24.69588400000000, 'Leppäkoski', 'LK', 43, 0);
INSERT IGNORE INTO station (id, passenger_traffic, country_code, latitude, longitude, name, short_code, uic_code, type) VALUES (437532, true, 'FI', 60.63126000000000, 24.85748100000000, 'Hyvinkää asema', 'HY', 30, 0);
INSERT IGNORE INTO station (id, passenger_traffic, country_code, latitude, longitude, name, short_code, uic_code, type) VALUES (437533, false, 'FI', 60.86573400000000, 26.72364300000000, 'Kouvola lajittelu', 'KVLA', 1132, 0);
INSERT IGNORE INTO station (id, passenger_traffic, country_code, latitude, longitude, name, short_code, uic_code, type) VALUES (437534, false, 'FI', 61.55652600000000, 23.58604000000000, 'Ylöjärvi', 'YLÖ', 211, 0);
INSERT IGNORE INTO station (id, passenger_traffic, country_code, latitude, longitude, name, short_code, uic_code, type) VALUES (437535, false, 'FI', 62.47495600000000, 21.74228700000000, 'Teuva', 'TUV', 271, 0);
INSERT IGNORE INTO station (id, passenger_traffic, country_code, latitude, longitude, name, short_code, uic_code, type) VALUES (437536, false, 'FI', 60.87767300000000, 26.93328900000000, 'Utti', 'UTI', 484, 2);
INSERT IGNORE INTO station (id, passenger_traffic, country_code, latitude, longitude, name, short_code, uic_code, type) VALUES (437537, true, 'FI', 60.33287100000000, 25.06866600000000, 'Rekola', 'RKL', 554, 1);
INSERT IGNORE INTO station (id, passenger_traffic, country_code, latitude, longitude, name, short_code, uic_code, type) VALUES (437538, false, 'FI', 64.48817900000000, 28.18549800000000, 'Ristijärvi', 'RJV', 391, 0);
INSERT IGNORE INTO station (id, passenger_traffic, country_code, latitude, longitude, name, short_code, uic_code, type) VALUES (437539, false, 'FI', 62.30484300000000, 30.16397700000000, 'Valkeasuo', 'VSO', 450, 2);
INSERT IGNORE INTO station (id, passenger_traffic, country_code, latitude, longitude, name, short_code, uic_code, type) VALUES (437540, false, 'FI', 62.55575000000000, 30.19020700000000, 'Heinävaara', 'HÄV', 924, 0);
INSERT IGNORE INTO station (id, passenger_traffic, country_code, latitude, longitude, name, short_code, uic_code, type) VALUES (437541, true, 'FI', 61.79678800000000, 24.36504600000000, 'Juupajoki', 'JJ', 627, 1);
INSERT IGNORE INTO station (id, passenger_traffic, country_code, latitude, longitude, name, short_code, uic_code, type) VALUES (437542, true, 'FI', 60.20830300000000, 24.93316900000000, 'Pasila autojuna-asema', 'PAU', 1328, 0);
INSERT IGNORE INTO station (id, passenger_traffic, country_code, latitude, longitude, name, short_code, uic_code, type) VALUES (437543, true, 'FI', 63.59538200000000, 22.79036300000000, 'Pännäinen', 'PNÄ', 305, 0);
INSERT IGNORE INTO station (id, passenger_traffic, country_code, latitude, longitude, name, short_code, uic_code, type) VALUES (437544, true, 'FI', 60.38237000000000, 25.26654000000000, 'Nikkilä', 'NLÄ', 22, 1);
INSERT IGNORE INTO station (id, passenger_traffic, country_code, latitude, longitude, name, short_code, uic_code, type) VALUES (437545, false, 'FI', 60.45200100000000, 22.24047100000000, 'Turku tavara', 'TKUT', 1285, 0);
INSERT IGNORE INTO station (id, passenger_traffic, country_code, latitude, longitude, name, short_code, uic_code, type) VALUES (437546, false, 'FI', 62.99602900000000, 27.72358800000000, 'Toivala', 'TOI', 412, 0);
INSERT IGNORE INTO station (id, passenger_traffic, country_code, latitude, longitude, name, short_code, uic_code, type) VALUES (437547, true, 'FI', 60.84737800000000, 23.06040800000000, 'Loimaa', 'LM', 142, 0);
INSERT IGNORE INTO station (id, passenger_traffic, country_code, latitude, longitude, name, short_code, uic_code, type) VALUES (437549, true, 'FI', 61.65009500000000, 24.36804700000000, 'Orivesi', 'OV', 190, 0);
INSERT IGNORE INTO station (id, passenger_traffic, country_code, latitude, longitude, name, short_code, uic_code, type) VALUES (437550, false, 'FI', 61.49655100000000, 23.57233300000000, 'Kalkku', 'KAU', 639, 0);
INSERT IGNORE INTO station (id, passenger_traffic, country_code, latitude, longitude, name, short_code, uic_code, type) VALUES (437551, false, 'FI', 62.35616800000000, 28.36654200000000, 'Syrjä', 'SYR', 435, 2);
INSERT IGNORE INTO station (id, passenger_traffic, country_code, latitude, longitude, name, short_code, uic_code, type) VALUES (437552, false, 'FI', 62.58571000000000, 29.77537100000000, 'Joensuu Sulkulahti', 'SUL', 1071, 0);
INSERT IGNORE INTO station (id, passenger_traffic, country_code, latitude, longitude, name, short_code, uic_code, type) VALUES (437553, true, 'FI', 64.40061000000000, 27.82218000000000, 'Paltamo', 'PTO', 379, 0);
INSERT IGNORE INTO station (id, passenger_traffic, country_code, latitude, longitude, name, short_code, uic_code, type) VALUES (437554, true, 'FI', 61.21178700000000, 23.77068300000000, 'Viiala', 'VIA', 155, 0);
INSERT IGNORE INTO station (id, passenger_traffic, country_code, latitude, longitude, name, short_code, uic_code, type) VALUES (437555, false, 'FI', 61.81667800000000, 25.21472100000000, 'Kaipola', 'KLA', 656, 0);
INSERT IGNORE INTO station (id, passenger_traffic, country_code, latitude, longitude, name, short_code, uic_code, type) VALUES (437556, false, 'FI', 64.02437600000000, 24.43962000000000, 'Karhukangas', 'KHG', 1097, 0);
INSERT IGNORE INTO station (id, passenger_traffic, country_code, latitude, longitude, name, short_code, uic_code, type) VALUES (437557, false, 'FI', 63.28616400000000, 22.82440500000000, 'Voltti', 'VT', 302, 0);
INSERT IGNORE INTO station (id, passenger_traffic, country_code, latitude, longitude, name, short_code, uic_code, type) VALUES (437558, false, 'FI', 61.58996000000000, 21.51196400000000, 'Mäntyluoto', 'MN', 223, 0);
INSERT IGNORE INTO station (id, passenger_traffic, country_code, latitude, longitude, name, short_code, uic_code, type) VALUES (437559, false, 'FI', 61.20317000000000, 26.04696300000000, 'Heinola', 'HA', 113, 0);
INSERT IGNORE INTO station (id, passenger_traffic, country_code, latitude, longitude, name, short_code, uic_code, type) VALUES (437560, true, 'FI', 60.21657300000000, 24.75564000000000, 'Kera', 'KEA', 621, 1);
INSERT IGNORE INTO station (id, passenger_traffic, country_code, latitude, longitude, name, short_code, uic_code, type) VALUES (437561, true, 'FI', 62.95107200000000, 22.39479700000000, 'Isokyrö', 'IKY', 295, 0);
INSERT IGNORE INTO station (id, passenger_traffic, country_code, latitude, longitude, name, short_code, uic_code, type) VALUES (437562, true, 'FI', 60.20605000000000, 24.68176700000000, 'Tuomarila', 'TRL', 579, 1);
INSERT IGNORE INTO station (id, passenger_traffic, country_code, latitude, longitude, name, short_code, uic_code, type) VALUES (437563, false, 'FI', 64.34656699999999, 24.96151400000000, 'Kilpua', 'KUA', 1115, 0);
INSERT IGNORE INTO station (id, passenger_traffic, country_code, latitude, longitude, name, short_code, uic_code, type) VALUES (437564, false, 'FI', 60.12196600000000, 24.48090600000000, 'Heikkilä', 'HEK', 1023, 0);
INSERT IGNORE INTO station (id, passenger_traffic, country_code, latitude, longitude, name, short_code, uic_code, type) VALUES (437565, false, 'FI', 60.21312000000000, 24.92815400000000, 'Ilmala ratapiha', 'ILR', 1030, 0);
INSERT IGNORE INTO station (id, passenger_traffic, country_code, latitude, longitude, name, short_code, uic_code, type) VALUES (437566, true, 'FI', 60.23956200000000, 24.87700400000000, 'Kannelmäki', 'KAN', 658, 0);
INSERT IGNORE INTO station (id, passenger_traffic, country_code, latitude, longitude, name, short_code, uic_code, type) VALUES (437568, false, 'FI', 63.88220300000000, 28.49935200000000, 'Maanselkä', 'MLK', 382, 0);
INSERT IGNORE INTO station (id, passenger_traffic, country_code, latitude, longitude, name, short_code, uic_code, type) VALUES (437569, false, 'FI', 65.79683300000001, 24.53406200000000, 'Laurila', 'LLA', 360, 0);
INSERT IGNORE INTO station (id, passenger_traffic, country_code, latitude, longitude, name, short_code, uic_code, type) VALUES (437570, false, 'FI', 62.21006900000000, 27.68887000000000, 'Huutokoski', 'HKO', 430, 0);
INSERT IGNORE INTO station (id, passenger_traffic, country_code, latitude, longitude, name, short_code, uic_code, type) VALUES (437571, false, 'FI', 61.23430300000000, 23.88458600000000, 'Metsäkansa', 'MSÄ', 558, 2);
INSERT IGNORE INTO station (id, passenger_traffic, country_code, latitude, longitude, name, short_code, uic_code, type) VALUES (437572, false, 'FI', 65.76579500000000, 24.16289600000000, 'Röyttä', 'RÖY', 833, 0);
INSERT IGNORE INTO station (id, passenger_traffic, country_code, latitude, longitude, name, short_code, uic_code, type) VALUES (437573, true, 'FI', 61.25419900000000, 22.30335000000000, 'Kokemäki', 'KKI', 170, 0);
INSERT IGNORE INTO station (id, passenger_traffic, country_code, latitude, longitude, name, short_code, uic_code, type) VALUES (437574, false, 'FI', 60.32875100000000, 24.31692200000000, 'Nummela', 'NM', 84, 0);
INSERT IGNORE INTO station (id, passenger_traffic, country_code, latitude, longitude, name, short_code, uic_code, type) VALUES (437575, false, 'FI', 62.31317000000000, 27.16985300000000, 'Pieksämäki Temu', 'TMU', 1212, 0);
INSERT IGNORE INTO station (id, passenger_traffic, country_code, latitude, longitude, name, short_code, uic_code, type) VALUES (437576, false, 'FI', 63.19276400000000, 25.54797000000000, 'Keitelepohja', 'KTP', 257, 0);
INSERT IGNORE INTO station (id, passenger_traffic, country_code, latitude, longitude, name, short_code, uic_code, type) VALUES (437578, false, 'FI', 63.08908600000000, 21.56422800000000, 'Vaskiluoto', 'VSK', 291, 0);
INSERT IGNORE INTO station (id, passenger_traffic, country_code, latitude, longitude, name, short_code, uic_code, type) VALUES (437579, false, 'FI', 61.09585200000000, 26.79622700000000, 'Vuohijärvi', 'VHJ', 541, 0);
INSERT IGNORE INTO station (id, passenger_traffic, country_code, latitude, longitude, name, short_code, uic_code, type) VALUES (437580, true, 'FI', 60.45398500000000, 22.25294500000000, 'Turku asema', 'TKU', 130, 0);
INSERT IGNORE INTO station (id, passenger_traffic, country_code, latitude, longitude, name, short_code, uic_code, type) VALUES (437581, false, 'FI', 60.70271600000000, 22.74886200000000, 'Kyrö', 'KÖ', 139, 0);
INSERT IGNORE INTO station (id, passenger_traffic, country_code, latitude, longitude, name, short_code, uic_code, type) VALUES (437582, true, 'FI', 60.35129000000000, 25.07850700000000, 'Korso', 'KRS', 19, 1);
INSERT IGNORE INTO station (id, passenger_traffic, country_code, latitude, longitude, name, short_code, uic_code, type) VALUES (437583, false, 'FI', 60.91631500000000, 26.18291100000000, 'Mankala', 'MKA', 1336, 0);
INSERT IGNORE INTO station (id, passenger_traffic, country_code, latitude, longitude, name, short_code, uic_code, type) VALUES (437584, true, 'FI', 60.29505400000000, 24.84371600000000, 'Vehkala', 'VEH', 1337, 1);
INSERT IGNORE INTO station (id, passenger_traffic, country_code, latitude, longitude, name, short_code, uic_code, type) VALUES (437585, true, 'FI', 60.31460700000000, 24.84693800000000, 'Kivistö', 'KTÖ', 1330, 1);
INSERT IGNORE INTO station (id, passenger_traffic, country_code, latitude, longitude, name, short_code, uic_code, type) VALUES (437586, false, 'FI', 60.31566000000000, 24.87831400000000, 'Ruusumäki', 'RSM', 1338, 0);
INSERT IGNORE INTO station (id, passenger_traffic, country_code, latitude, longitude, name, short_code, uic_code, type) VALUES (437587, true, 'FI', 60.30435000000000, 24.95619100000000, 'Aviapolis', 'AVP', 1331, 1);
INSERT IGNORE INTO station (id, passenger_traffic, country_code, latitude, longitude, name, short_code, uic_code, type) VALUES (437588, false, 'FI', 60.31051700000000, 24.96331800000000, 'Virkamies', 'VMS', 1339, 0);
INSERT IGNORE INTO station (id, passenger_traffic, country_code, latitude, longitude, name, short_code, uic_code, type) VALUES (437589, true, 'FI', 60.31573200000000, 24.96834300000000, 'Lentoasema', 'LEN', 1332, 1);
INSERT IGNORE INTO station (id, passenger_traffic, country_code, latitude, longitude, name, short_code, uic_code, type) VALUES (437590, true, 'FI', 60.32264100000000, 25.03941900000000, 'Leinelä', 'LNÄ', 1333, 1);
INSERT IGNORE INTO station (id, passenger_traffic, country_code, latitude, longitude, name, short_code, uic_code, type) VALUES (437591, false, 'FI', 60.32097400000000, 25.04728700000000, 'Asola', 'ASO', 1340, 0);
INSERT IGNORE INTO station (id, passenger_traffic, country_code, latitude, longitude, name, short_code, uic_code, type) VALUES (437592, false, 'FI', 64.77109100000000, 25.29181100000000, 'Tikkaperä', 'TKP', 1335, 0);
INSERT IGNORE INTO station (id, passenger_traffic, country_code, latitude, longitude, name, short_code, uic_code, type) VALUES (437596, false, 'FI', 60.28245300000000, 24.85114600000000, 'Laajavuori', 'LAV', 1341, 0);
INSERT IGNORE INTO station (id, passenger_traffic, country_code, latitude, longitude, name, short_code, uic_code, type) VALUES (437597, false, 'FI', 63.86397400000000, 23.49325500000000, 'Kälviä', 'KLV', 316, 0);
INSERT IGNORE INTO station (id, passenger_traffic, country_code, latitude, longitude, name, short_code, uic_code, type) VALUES (437602, false, 'FI', 64.53711800000001, 25.00678300000000, 'Ahonpää', 'AHO', 1343, 0);
INSERT IGNORE INTO station (id, passenger_traffic, country_code, latitude, longitude, name, short_code, uic_code, type) VALUES (437603, false, 'FI', 62.37361200000000, 25.88973900000000, 'Vihtavuori', 'VRI', 248, 0);
INSERT IGNORE INTO station (id, passenger_traffic, country_code, latitude, longitude, name, short_code, uic_code, type) VALUES (437604, false, 'SE', 65.82822600000000, 24.13021900000000, 'Haaparanta', 'HPA', 10726, 0);
INSERT IGNORE INTO station (id, passenger_traffic, country_code, latitude, longitude, name, short_code, uic_code, type) VALUES (437610, false, 'FI', 60.74290300000000, 24.79260500000000, 'Riihimäki (R060)', 'R060', 98999, 2);
INSERT IGNORE INTO station (id, passenger_traffic, country_code, latitude, longitude, name, short_code, uic_code, type) VALUES (437611, false, 'FI', 60.75461500000000, 24.78276900000000, 'Riihimäki (R702)', 'R702', 98998, 2);
INSERT IGNORE INTO station (id, passenger_traffic, country_code, latitude, longitude, name, short_code, uic_code, type) VALUES (437612, false, 'FI', 63.57068900000000, 29.06071500000000, 'Pitkämäki', 'PTK', 1350, 0);
INSERT IGNORE INTO station (id, passenger_traffic, country_code, latitude, longitude, name, short_code, uic_code, type) VALUES (437614, false, 'FI', 63.59135700000000, 22.77699200000000, 'Pännäinen (R855)', 'R855', 98991, 2);
INSERT IGNORE INTO station (id, passenger_traffic, country_code, latitude, longitude, name, short_code, uic_code, type) VALUES (437616, false, 'FI', 64.78880599999999, 26.22007000000000, 'Hyrkäs', 'HYR', 1348, 0);
INSERT IGNORE INTO station (id, passenger_traffic, country_code, latitude, longitude, name, short_code, uic_code, type) VALUES (437617, false, 'FI', 64.63736700000000, 26.53375900000000, 'Niska', 'NSK', 1353, 0);
INSERT IGNORE INTO station (id, passenger_traffic, country_code, latitude, longitude, name, short_code, uic_code, type) VALUES (437618, false, 'FI', 64.53863699999999, 27.25016700000000, 'Liminpuro', 'LMP', 1354, 0);
INSERT IGNORE INTO station (id, passenger_traffic, country_code, latitude, longitude, name, short_code, uic_code, type) VALUES (437619, false, 'FI', 64.41290100000001, 27.65932800000000, 'Melalahti', 'MLL', 1355, 0);
INSERT IGNORE INTO station (id, passenger_traffic, country_code, latitude, longitude, name, short_code, uic_code, type) VALUES (437620, false, 'FI', 61.24685500000000, 28.88376600000000, 'Immola', 'IM', 1352, 0);
INSERT IGNORE INTO station (id, passenger_traffic, country_code, latitude, longitude, name, short_code, uic_code, type) VALUES (437621, false, 'FI', 61.22993600000000, 23.87515400000000, 'Ilola', 'IOA', 1345, 1);
INSERT IGNORE INTO station (id, passenger_traffic, country_code, latitude, longitude, name, short_code, uic_code, type) VALUES (437622, false, 'FI', 64.96242800000000, 25.50483200000000, 'Oulunlahti', 'OLL', 1351, 0);
INSERT IGNORE INTO station (id, passenger_traffic, country_code, latitude, longitude, name, short_code, uic_code, type) VALUES (437623, false, 'FI', 61.57712900000000, 21.54408600000000, 'Mäntyluoto erkanemisvaihde', 'MN_V', 98988, 2);
INSERT IGNORE INTO station (id, passenger_traffic, country_code, latitude, longitude, name, short_code, uic_code, type) VALUES (437624, false, 'FI', 60.76544600000000, 26.79263700000000, 'Pitkäkallio', 'PIO', 1358, 0);
INSERT IGNORE INTO station (id, passenger_traffic, country_code, latitude, longitude, name, short_code, uic_code, type) VALUES (437625, false, 'RU', 61.11705000000000, 28.84719400000000, 'Svetogorsk', 'STG', 2190, 0);
INSERT IGNORE INTO station (id, passenger_traffic, country_code, latitude, longitude, name, short_code, uic_code, type) VALUES (437626, false, 'RU', 64.54554400000001, 30.07456200000000, 'Kivijärvi', 'KIV', 2810, 0);
INSERT IGNORE INTO station (id, passenger_traffic, country_code, latitude, longitude, name, short_code, uic_code, type) VALUES (437627, true, 'FI', 61.50336300000000, 23.63027100000000, 'Tesoma', 'TSO', 1359, 1);
INSERT IGNORE INTO station (id, passenger_traffic, country_code, latitude, longitude, name, short_code, uic_code, type) VALUES (437628, false, 'FI', 63.57138400000000, 27.18526000000000, 'Iisalmi (R983)', 'R983', 98987, 2);
INSERT IGNORE INTO station (id, passenger_traffic, country_code, latitude, longitude, name, short_code, uic_code, type) VALUES (437631, false, 'FI', 65.40072499999999, 25.41115500000000, 'Lähessuo', 'LHS', 1364, 0);
INSERT IGNORE INTO station (id, passenger_traffic, country_code, latitude, longitude, name, short_code, uic_code, type) VALUES (437632, false, 'FI', 65.68183900000000, 24.81009300000000, 'Maksniemi', 'MKN', 1365, 0);
INSERT IGNORE INTO station (id, passenger_traffic, country_code, latitude, longitude, name, short_code, uic_code, type) VALUES (437633, false, 'FI', 64.39290900000000, 27.91989900000000, 'Kuusikkoniemi', 'KSN', 1356, 0);
INSERT IGNORE INTO station (id, passenger_traffic, country_code, latitude, longitude, name, short_code, uic_code, type) VALUES (437635, false, 'FI', 65.75730700000000, 24.55027500000000, 'Kemi Sahansaari', 'SHS', 1363, 0);
INSERT IGNORE INTO station (id, passenger_traffic, country_code, latitude, longitude, name, short_code, uic_code, type) VALUES (437638, false, 'FI', 60.62565500000000, 24.84696100000000, 'Hyvinkää tavara', 'HYT', 1367, 0);
INSERT IGNORE INTO station (id, passenger_traffic, country_code, latitude, longitude, name, short_code, uic_code, type) VALUES (437640, false, 'FI', 60.65015300000000, 24.84015500000000, 'Hyvinkää Paavola', 'PVL', 1368, 0);
INSERT IGNORE INTO station (id, passenger_traffic, country_code, latitude, longitude, name, short_code, uic_code, type) VALUES (437641, false, 'FI', 64.56331800000000, 26.67305300000000, 'Nuojua', 'NUA', 1361, 0);
INSERT IGNORE INTO station (id, passenger_traffic, country_code, latitude, longitude, name, short_code, uic_code, type) VALUES (437642, false, 'FI', 62.76284300000000, 22.92540000000000, 'Seinäjoki Rahkola', 'RLA', 1362, 0);
INSERT IGNORE INTO station (id, passenger_traffic, country_code, latitude, longitude, name, short_code, uic_code, type) VALUES (437658, false, 'FI', 63.66353600000000, 26.15393200000000, 'Komu', 'KOM', 758, 2);
INSERT IGNORE INTO station (id, passenger_traffic, country_code, latitude, longitude, name, short_code, uic_code, type) VALUES (437678, false, 'FI', 62.57231400000000, 29.79147000000000, 'Joensuu Koppola', 'KPP', 1369, 0);
